timestamp,voltage,current,is_anomaly
2026-09-08 10:40:23,230.58,3.15,0
2026-09-08 10:41:23,231.4,3.27,0
2026-09-08 10:42:23,231.72,2.98,0
2026-09-08 10:43:23,232.39,3.1,0
2026-09-08 10:44:23,227.78,3.01,0
2026-09-08 10:45:23,226.82,2.75,0
2026-09-08 10:46:23,230.44,3.05,0
2026-09-08 10:47:23,231.64,2.87,0
2026-09-08 10:48:23,229.08,2.89,0
2026-09-08 10:49:23,231.04,2.89,0
2026-09-08 10:50:23,229.73,3.24,0
2026-09-08 10:51:23,229.72,3.04,0
2026-09-08 10:52:23,229.41,2.81,0
2026-09-08 10:53:23,230.05,2.78,0
2026-09-08 10:54:23,226.41,2.94,0
2026-09-08 10:55:23,230.7,2.83,0
2026-09-08 10:56:23,231.76,3.2,0
2026-09-08 10:57:23,226.69,2.98,0
2026-09-08 10:58:23,230.5,2.94,0
2026-09-08 10:59:23,227.1,2.92,0
2026-09-08 11:00:23,230.91,2.93,0
2026-09-08 11:01:23,226.27,3.02,0
2026-09-08 11:02:23,226.42,2.91,0
2026-09-08 11:03:23,232.27,3.22,0
2026-09-08 11:04:23,231.13,3.25,0
2026-09-08 11:05:23,228.92,3.17,0
2026-09-08 11:06:23,229.34,3.15,0
2026-09-08 11:07:23,227.16,2.72,0
2026-09-08 11:08:23,227.47,3.04,0
2026-09-08 11:09:23,233.32,3.06,0
2026-09-08 11:10:23,230.3,2.93,0
2026-09-08 11:11:23,232.94,2.85,0
2026-09-08 11:12:23,232.26,3.21,0
2026-09-08 11:13:23,230.79,3.26,0
2026-09-08 11:14:23,233.32,3.11,0
2026-09-08 11:15:23,231.32,2.87,0
2026-09-08 11:16:23,230.01,2.84,0
2026-09-08 11:17:23,231.55,2.71,0
2026-09-08 11:18:23,227.32,3.12,0
2026-09-08 11:19:23,231.71,3.22,0
2026-09-08 11:20:23,229.15,3.15,0
2026-09-08 11:21:23,226.98,3.16,0
2026-09-08 11:22:23,226.48,3.25,0
2026-09-08 11:23:23,227.68,2.8,0
2026-09-08 11:24:23,233.53,2.93,0
2026-09-08 11:25:23,228.33,3.02,0
2026-09-08 11:26:23,232.74,3.24,0
2026-09-08 11:27:23,232.34,2.87,0
2026-09-08 11:28:23,226.32,2.86,0
2026-09-08 11:29:23,227.06,3.09,0
2026-09-08 11:30:23,230.87,3.19,0
2026-09-08 11:31:23,226.73,3.25,0
2026-09-08 11:32:23,230.47,3.04,0
2026-09-08 11:33:23,226.04,3.21,0
2026-09-08 11:34:23,227.29,3.13,0
2026-09-08 11:35:23,230.31,2.95,0
2026-09-08 11:36:23,229.42,2.89,0
2026-09-08 11:37:23,228.41,2.75,0
2026-09-08 11:38:23,226.9,3.05,0
2026-09-08 11:39:23,230.33,3.16,0
2026-09-08 11:40:23,229.89,2.81,0
2026-09-08 11:41:23,231.72,2.9,0
2026-09-08 11:42:23,230.44,3.12,0
2026-09-08 11:43:23,231.04,2.78,0
2026-09-08 11:44:23,230.98,3.22,0
2026-09-08 11:45:23,230.89,3.21,0
2026-09-08 11:46:23,227.09,2.77,0
2026-09-08 11:47:23,228.02,3.01,0
2026-09-08 11:48:23,231.1,3.01,0
2026-09-08 11:49:23,233.49,3.04,0
2026-09-08 11:50:23,233.57,2.88,0
2026-09-08 11:51:23,230.33,2.74,0
2026-09-08 11:52:23,228.3,3.06,0
2026-09-08 11:53:23,233.56,3.01,0
2026-09-08 11:54:23,229.37,3.08,0
2026-09-08 11:55:23,229.25,3.01,0
2026-09-08 11:56:23,230.74,3.28,0
2026-09-08 11:57:23,226.34,2.9,0
2026-09-08 11:58:23,233.9,3.02,0
2026-09-08 11:59:23,230.92,2.9,0
2026-09-08 12:00:23,232.87,2.86,0
2026-09-08 12:01:23,232.2,2.81,0
2026-09-08 12:02:23,229.77,2.93,0
2026-09-08 12:03:23,227.05,3.29,0
2026-09-08 12:04:23,229.27,3.25,0
2026-09-08 12:05:23,230.5,2.8,0
2026-09-08 12:06:23,231.77,3.02,0
2026-09-08 12:07:23,229.97,3.28,0
2026-09-08 12:08:23,232.47,2.74,0
2026-09-08 12:09:23,227.33,3.2,0
2026-09-08 12:10:23,232.11,3.04,0
2026-09-08 12:11:23,231.38,3.15,0
2026-09-08 12:12:23,228.18,3.21,0
2026-09-08 12:13:23,228.83,2.97,0
2026-09-08 12:14:23,233.72,3.16,0
2026-09-08 12:15:23,226.2,2.83,0
2026-09-08 12:16:23,226.38,3.04,0
2026-09-08 12:17:23,231.93,3.16,0
2026-09-08 12:18:23,233.31,2.78,0
2026-09-08 12:19:23,226.05,3.04,0
2026-09-08 12:20:23,233.67,2.72,0
2026-09-08 12:21:23,232.73,2.91,0
2026-09-08 12:22:23,232.78,2.74,0
2026-09-08 12:23:23,226.76,3.07,0
2026-09-08 12:24:23,232.79,3.04,0
2026-09-08 12:25:23,232.97,3.22,0
2026-09-08 12:26:23,233.78,3.12,0
2026-09-08 12:27:23,228.05,3.14,0
2026-09-08 12:28:23,230.71,3.2,0
2026-09-08 12:29:23,229.74,3.23,0
2026-09-08 12:30:23,233.56,3.23,0
2026-09-08 12:31:23,231.99,2.75,0
2026-09-08 12:32:23,226.12,2.96,0
2026-09-08 12:33:23,231.66,3.09,0
2026-09-08 12:34:23,232.94,2.91,0
2026-09-08 12:35:23,232.49,3.3,0
2026-09-08 12:36:23,229.1,3.21,0
2026-09-08 12:37:23,231.45,2.92,0
2026-09-08 12:38:23,231.75,2.99,0
2026-09-08 12:39:23,230.36,3.13,0
2026-09-08 12:40:23,228.45,3.11,0
2026-09-08 12:41:23,233.23,2.99,0
2026-09-08 12:42:23,230.01,2.96,0
2026-09-08 12:43:23,232.43,3.2,0
2026-09-08 12:44:23,227.87,3.23,0
2026-09-08 12:45:23,230.78,2.78,0
2026-09-08 12:46:23,232.82,2.87,0
2026-09-08 12:47:23,233.61,2.7,0
2026-09-08 12:48:23,228.36,2.74,0
2026-09-08 12:49:23,230.83,2.76,0
2026-09-08 12:50:23,230.3,3.23,0
2026-09-08 12:51:23,228.07,3.29,0
2026-09-08 12:52:23,232.28,2.81,0
2026-09-08 12:53:23,231.62,3.11,0
2026-09-08 12:54:23,228.97,3.14,0
2026-09-08 12:55:23,233.68,3.03,0
2026-09-08 12:56:23,231.3,2.93,0
2026-09-08 12:57:23,232.67,2.81,0
2026-09-08 12:58:23,230.77,3.24,0
2026-09-08 12:59:23,230.99,2.81,0
2026-09-08 13:00:23,232.36,3.03,0
2026-09-08 13:01:23,229.6,3.05,0
2026-09-08 13:02:23,229.8,2.93,0
2026-09-08 13:03:23,230.62,2.94,0
2026-09-08 13:04:23,233.01,2.9,0
2026-09-08 13:05:23,228.61,3.16,0
2026-09-08 13:06:23,231.13,3.19,0
2026-09-08 13:07:23,227.17,3.03,0
2026-09-08 13:08:23,227.78,2.77,0
2026-09-08 13:09:23,232.54,2.91,0
2026-09-08 13:10:23,228.8,3.11,0
2026-09-08 13:11:23,228.37,3.01,0
2026-09-08 13:12:23,230.62,2.73,0
2026-09-08 13:13:23,228.8,0.45,1
2026-09-08 13:14:23,228.18,2.85,0
2026-09-08 13:15:23,229.37,3.18,0
2026-09-08 13:16:23,229.3,2.84,0
2026-09-08 13:17:23,230.87,3.26,0
2026-09-08 13:18:23,233.76,2.83,0
2026-09-08 13:19:23,229.25,3.02,0
2026-09-08 13:20:23,227.39,2.74,0
2026-09-08 13:21:23,229.34,2.74,0
2026-09-08 13:22:23,226.69,3.2,0
2026-09-08 13:23:23,229.9,3.26,0
2026-09-08 13:24:23,232.26,2.98,0
2026-09-08 13:25:23,226.1,2.85,0
2026-09-08 13:26:23,232.56,2.72,0
2026-09-08 13:27:23,229.7,2.91,0
2026-09-08 13:28:23,229.47,2.85,0
2026-09-08 13:29:23,230.59,3.1,0
2026-09-08 13:30:23,232.98,3.15,0
2026-09-08 13:31:23,231.3,0.16,1
2026-09-08 13:32:23,230.49,2.74,0
2026-09-08 13:33:23,227.56,3.05,0
2026-09-08 13:34:23,230.44,2.9,0
2026-09-08 13:35:23,233.48,3.23,0
2026-09-08 13:36:23,230.27,3.13,0
2026-09-08 13:37:23,230.05,3.21,0
2026-09-08 13:38:23,230.25,3.02,0
2026-09-08 13:39:23,227.42,3.11,0
2026-09-08 13:40:23,230.65,2.83,0
2026-09-08 13:41:23,232.29,3.2,0
2026-09-08 13:42:23,228.76,2.99,0
2026-09-08 13:43:23,229.77,2.81,0
2026-09-08 13:44:23,231.05,2.93,0
2026-09-08 13:45:23,227.41,3.1,0
2026-09-08 13:46:23,233.79,2.81,0
2026-09-08 13:47:23,226.33,2.84,0
2026-09-08 13:48:23,229.76,2.87,0
2026-09-08 13:49:23,231.37,2.77,0
2026-09-08 13:50:23,231.72,3.27,0
2026-09-08 13:51:23,232.57,3.2,0
2026-09-08 13:52:23,233.18,3.0,0
2026-09-08 13:53:23,229.0,2.93,0
2026-09-08 13:54:23,229.81,2.73,0
2026-09-08 13:55:23,230.87,2.97,0
2026-09-08 13:56:23,227.58,2.92,0
2026-09-08 13:57:23,227.4,3.08,0
2026-09-08 13:58:23,226.32,3.03,0
2026-09-08 13:59:23,228.62,2.95,0
2026-09-08 14:00:23,232.03,3.01,0
2026-09-08 14:01:23,232.91,3.09,0
2026-09-08 14:02:23,231.83,2.75,0
2026-09-08 14:03:23,230.72,3.28,0
2026-09-08 14:04:23,229.2,3.02,0
2026-09-08 14:05:23,231.23,3.0,0
2026-09-08 14:06:23,226.08,3.11,0
2026-09-08 14:07:23,230.89,3.02,0
2026-09-08 14:08:23,229.74,3.03,0
2026-09-08 14:09:23,231.94,3.22,0
2026-09-08 14:10:23,228.22,3.24,0
2026-09-08 14:11:23,228.84,3.01,0
2026-09-08 14:12:23,229.47,3.1,0
2026-09-08 14:13:23,230.45,2.99,0
2026-09-08 14:14:23,233.72,3.06,0
2026-09-08 14:15:23,226.47,2.91,0
2026-09-08 14:16:23,229.24,2.99,0
2026-09-08 14:17:23,228.1,3.04,0
2026-09-08 14:18:23,231.34,3.01,0
2026-09-08 14:19:23,227.64,3.2,0
2026-09-08 14:20:23,230.68,3.17,0
2026-09-08 14:21:23,227.34,3.17,0
2026-09-08 14:22:23,228.52,3.06,0
2026-09-08 14:23:23,229.02,2.72,0
2026-09-08 14:24:23,228.44,3.28,0
2026-09-08 14:25:23,228.73,2.99,0
2026-09-08 14:26:23,230.7,2.82,0
2026-09-08 14:27:23,231.42,2.84,0
2026-09-08 14:28:23,233.46,3.2,0
2026-09-08 14:29:23,233.84,2.77,0
2026-09-08 14:30:23,231.81,3.14,0
2026-09-08 14:31:23,231.49,3.24,0
2026-09-08 14:32:23,229.96,3.04,0
2026-09-08 14:33:23,227.91,3.26,0
2026-09-08 14:34:23,231.46,3.05,0
2026-09-08 14:35:23,229.46,2.77,0
2026-09-08 14:36:23,232.26,3.19,0
2026-09-08 14:37:23,233.3,2.81,0
2026-09-08 14:38:23,226.01,2.76,0
2026-09-08 14:39:23,229.68,2.85,0
2026-09-08 14:40:23,226.75,2.85,0
2026-09-08 14:41:23,231.81,3.14,0
2026-09-08 14:42:23,226.07,2.72,0
2026-09-08 14:43:23,231.76,3.07,0
2026-09-08 14:44:23,230.02,3.19,0
2026-09-08 14:45:23,227.52,3.15,0
2026-09-08 14:46:23,233.48,3.0,0
2026-09-08 14:47:23,227.43,3.13,0
2026-09-08 14:48:23,233.51,3.09,0
2026-09-08 14:49:23,230.93,3.29,0
2026-09-08 14:50:23,231.05,3.02,0
2026-09-08 14:51:23,228.02,3.16,0
2026-09-08 14:52:23,229.33,3.17,0
2026-09-08 14:53:23,233.91,2.92,0
2026-09-08 14:54:23,228.84,3.27,0
2026-09-08 14:55:23,230.48,2.75,0
2026-09-08 14:56:23,232.24,3.23,0
2026-09-08 14:57:23,230.34,3.1,0
2026-09-08 14:58:23,233.76,2.72,0
2026-09-08 14:59:23,233.94,2.75,0
2026-09-08 15:00:23,230.83,3.25,0
2026-09-08 15:01:23,233.99,2.84,0
2026-09-08 15:02:23,227.45,2.74,0
2026-09-08 15:03:23,226.88,2.87,0
2026-09-08 15:04:23,228.97,2.93,0
2026-09-08 15:05:23,231.32,3.1,0
2026-09-08 15:06:23,232.2,2.91,0
2026-09-08 15:07:23,228.55,3.05,0
2026-09-08 15:08:23,229.51,2.87,0
2026-09-08 15:09:23,232.8,3.25,0
2026-09-08 15:10:23,231.06,3.12,0
2026-09-08 15:11:23,229.59,2.85,0
2026-09-08 15:12:23,231.22,2.73,0
2026-09-08 15:13:23,233.83,2.71,0
2026-09-08 15:14:23,232.85,3.14,0
2026-09-08 15:15:23,231.64,2.71,0
2026-09-08 15:16:23,226.33,3.06,0
2026-09-08 15:17:23,228.43,2.78,0
2026-09-08 15:18:23,231.7,2.73,0
2026-09-08 15:19:23,229.15,2.87,0
2026-09-08 15:20:23,232.88,2.78,0
2026-09-08 15:21:23,229.77,2.88,0
2026-09-08 15:22:23,226.74,3.17,0
2026-09-08 15:23:23,229.86,2.83,0
2026-09-08 15:24:23,229.85,2.85,0
2026-09-08 15:25:23,228.01,2.76,0
2026-09-08 15:26:23,231.31,2.94,0
2026-09-08 15:27:23,227.14,2.79,0
2026-09-08 15:28:23,232.67,2.88,0
2026-09-08 15:29:23,229.44,3.27,0
2026-09-08 15:30:23,232.56,3.22,0
2026-09-08 15:31:23,226.01,3.05,0
2026-09-08 15:32:23,227.57,2.79,0
2026-09-08 15:33:23,230.45,2.91,0
2026-09-08 15:34:23,227.05,3.04,0
2026-09-08 15:35:23,232.54,2.83,0
2026-09-08 15:36:23,231.77,3.08,0
2026-09-08 15:37:23,232.16,2.88,0
2026-09-08 15:38:23,228.39,2.89,0
2026-09-08 15:39:23,231.81,3.12,0
2026-09-08 15:40:23,229.31,3.28,0
2026-09-08 15:41:23,232.22,2.77,0
2026-09-08 15:42:23,229.24,3.12,0
2026-09-08 15:43:23,232.14,3.14,0
2026-09-08 15:44:23,233.13,2.93,0
2026-09-08 15:45:23,227.54,2.9,0
2026-09-08 15:46:23,229.51,3.19,0
2026-09-08 15:47:23,232.58,3.02,0
2026-09-08 15:48:23,228.05,3.03,0
2026-09-08 15:49:23,229.14,3.02,0
2026-09-08 15:50:23,228.51,2.94,0
2026-09-08 15:51:23,229.35,3.18,0
2026-09-08 15:52:23,230.54,3.23,0
2026-09-08 15:53:23,230.56,2.87,0
2026-09-08 15:54:23,232.06,2.85,0
2026-09-08 15:55:23,229.54,3.21,0
2026-09-08 15:56:23,230.42,3.1,0
2026-09-08 15:57:23,231.63,2.7,0
2026-09-08 15:58:23,230.09,2.85,0
2026-09-08 15:59:23,227.05,2.93,0
2026-09-08 16:00:23,233.95,2.89,0
2026-09-08 16:01:23,227.74,2.8,0
2026-09-08 16:02:23,230.08,3.18,0
2026-09-08 16:03:23,229.25,3.08,0
2026-09-08 16:04:23,228.77,3.25,0
2026-09-08 16:05:23,233.38,2.78,0
2026-09-08 16:06:23,229.29,2.77,0
2026-09-08 16:07:23,231.36,2.81,0
2026-09-08 16:08:23,226.19,3.07,0
2026-09-08 16:09:23,229.9,2.97,0
2026-09-08 16:10:23,230.77,2.85,0
2026-09-08 16:11:23,226.23,3.27,0
2026-09-08 16:12:23,228.51,3.16,0
2026-09-08 16:13:23,226.15,2.99,0
2026-09-08 16:14:23,228.31,3.15,0
2026-09-08 16:15:23,230.86,2.86,0
2026-09-08 16:16:23,233.22,3.0,0
2026-09-08 16:17:23,232.13,2.84,0
2026-09-08 16:18:23,233.19,3.21,0
2026-09-08 16:19:23,229.29,2.84,0
2026-09-08 16:20:23,232.87,2.7,0
2026-09-08 16:21:23,227.9,3.05,0
2026-09-08 16:22:23,227.3,2.97,0
2026-09-08 16:23:23,231.92,3.06,0
2026-09-08 16:24:23,226.73,3.23,0
2026-09-08 16:25:23,233.23,2.99,0
2026-09-08 16:26:23,230.53,3.29,0
2026-09-08 16:27:23,233.52,3.11,0
2026-09-08 16:28:23,229.17,3.04,0
2026-09-08 16:29:23,233.12,3.17,0
2026-09-08 16:30:23,226.87,2.87,0
2026-09-08 16:31:23,233.44,3.27,0
2026-09-08 16:32:23,226.02,2.94,0
2026-09-08 16:33:23,230.44,2.95,0
2026-09-08 16:34:23,229.19,2.8,0
2026-09-08 16:35:23,227.39,2.84,0
2026-09-08 16:36:23,232.83,3.2,0
2026-09-08 16:37:23,233.03,3.23,0
2026-09-08 16:38:23,226.21,2.72,0
2026-09-08 16:39:23,228.75,2.76,0
2026-09-08 16:40:23,227.94,3.17,0
2026-09-08 16:41:23,228.3,2.71,0
2026-09-08 16:42:23,229.16,2.77,0
2026-09-08 16:43:23,230.1,3.15,0
2026-09-08 16:44:23,226.03,2.96,0
2026-09-08 16:45:23,231.88,3.26,0
2026-09-08 16:46:23,231.43,3.0,0
2026-09-08 16:47:23,233.54,3.3,0
2026-09-08 16:48:23,232.58,3.3,0
2026-09-08 16:49:23,230.68,2.88,0
2026-09-08 16:50:23,230.87,3.1,0
2026-09-08 16:51:23,229.8,2.74,0
2026-09-08 16:52:23,230.67,2.88,0
2026-09-08 16:53:23,231.24,2.94,0
2026-09-08 16:54:23,232.53,2.96,0
2026-09-08 16:55:23,229.47,2.92,0
2026-09-08 16:56:23,233.79,3.08,0
2026-09-08 16:57:23,228.7,2.9,0
2026-09-08 16:58:23,227.08,3.11,0
2026-09-08 16:59:23,233.71,3.15,0
2026-09-08 17:00:23,231.13,3.2,0
2026-09-08 17:01:23,230.33,3.25,0
2026-09-08 17:02:23,230.84,2.85,0
2026-09-08 17:03:23,231.21,3.17,0
2026-09-08 17:04:23,230.03,3.03,0
2026-09-08 17:05:23,230.18,3.1,0
2026-09-08 17:06:23,231.14,3.09,0
2026-09-08 17:07:23,232.7,2.82,0
2026-09-08 17:08:23,233.9,3.08,0
2026-09-08 17:09:23,229.01,2.82,0
2026-09-08 17:10:23,233.56,2.81,0
2026-09-08 17:11:23,227.86,2.84,0
2026-09-08 17:12:23,230.18,3.17,0
2026-09-08 17:13:23,231.91,2.74,0
2026-09-08 17:14:23,226.85,2.9,0
2026-09-08 17:15:23,226.37,2.81,0
2026-09-08 17:16:23,233.14,3.03,0
2026-09-08 17:17:23,232.66,3.28,0
2026-09-08 17:18:23,228.67,2.78,0
2026-09-08 17:19:23,231.63,3.18,0
2026-09-08 17:20:23,230.41,3.0,0
2026-09-08 17:21:23,227.75,3.25,0
2026-09-08 17:22:23,229.57,3.22,0
2026-09-08 17:23:23,228.66,2.73,0
2026-09-08 17:24:23,230.96,3.23,0
2026-09-08 17:25:23,231.93,3.15,0
2026-09-08 17:26:23,226.3,2.88,0
2026-09-08 17:27:23,228.54,2.88,0
2026-09-08 17:28:23,231.5,3.28,0
2026-09-08 17:29:23,231.5,3.1,0
2026-09-08 17:30:23,230.78,2.97,0
2026-09-08 17:31:23,228.59,3.19,0
2026-09-08 17:32:23,232.66,3.08,0
2026-09-08 17:33:23,230.87,2.96,0
2026-09-08 17:34:23,231.08,3.18,0
2026-09-08 17:35:23,228.55,2.78,0
2026-09-08 17:36:23,232.21,2.98,0
2026-09-08 17:37:23,233.37,3.2,0
2026-09-08 17:38:23,226.5,2.85,0
2026-09-08 17:39:23,233.47,3.23,0
2026-09-08 17:40:23,230.65,2.9,0
2026-09-08 17:41:23,227.36,2.87,0
2026-09-08 17:42:23,233.78,3.19,0
2026-09-08 17:43:23,230.54,3.19,0
2026-09-08 17:44:23,230.28,2.72,0
2026-09-08 17:45:23,226.14,2.74,0
2026-09-08 17:46:23,230.07,2.73,0
2026-09-08 17:47:23,231.7,3.11,0
2026-09-08 17:48:23,227.11,2.96,0
2026-09-08 17:49:23,230.89,3.13,0
2026-09-08 17:50:23,233.21,3.21,0
2026-09-08 17:51:23,229.76,2.96,0
2026-09-08 17:52:23,233.91,2.76,0
2026-09-08 17:53:23,232.98,2.8,0
2026-09-08 17:54:23,229.65,3.06,0
2026-09-08 17:55:23,232.37,3.13,0
2026-09-08 17:56:23,231.24,3.15,0
2026-09-08 17:57:23,229.98,2.85,0
2026-09-08 17:58:23,232.93,3.04,0
2026-09-08 17:59:23,231.3,3.23,0
2026-09-08 18:00:23,227.62,3.03,0
2026-09-08 18:01:23,226.68,2.9,0
2026-09-08 18:02:23,228.99,3.22,0
2026-09-08 18:03:23,230.16,3.29,0
2026-09-08 18:04:23,229.47,3.29,0
2026-09-08 18:05:23,230.31,2.97,0
2026-09-08 18:06:23,227.13,2.83,0
2026-09-08 18:07:23,228.65,2.71,0
2026-09-08 18:08:23,233.28,2.88,0
2026-09-08 18:09:23,231.52,2.83,0
2026-09-08 18:10:23,229.85,3.26,0
2026-09-08 18:11:23,228.03,2.95,0
2026-09-08 18:12:23,231.7,2.74,0
2026-09-08 18:13:23,230.96,2.98,0
2026-09-08 18:14:23,233.27,3.25,0
2026-09-08 18:15:23,230.67,3.07,0
2026-09-08 18:16:23,233.53,3.28,0
2026-09-08 18:17:23,228.44,3.25,0
2026-09-08 18:18:23,233.29,2.94,0
2026-09-08 18:19:23,228.25,3.14,0
2026-09-08 18:20:23,227.96,3.19,0
2026-09-08 18:21:23,227.06,2.94,0
2026-09-08 18:22:23,233.57,3.19,0
2026-09-08 18:23:23,229.57,3.19,0
2026-09-08 18:24:23,233.76,2.84,0
2026-09-08 18:25:23,229.97,3.12,0
2026-09-08 18:26:23,230.13,2.72,0
2026-09-08 18:27:23,229.54,2.99,0
2026-09-08 18:28:23,227.26,2.95,0
2026-09-08 18:29:23,231.06,3.08,0
2026-09-08 18:30:23,229.68,2.96,0
2026-09-08 18:31:23,231.82,3.19,0
2026-09-08 18:32:23,227.76,2.72,0
2026-09-08 18:33:23,226.17,2.86,0
2026-09-08 18:34:23,228.81,2.7,0
2026-09-08 18:35:23,226.76,3.12,0
2026-09-08 18:36:23,230.53,2.74,0
2026-09-08 18:37:23,230.61,3.14,0
2026-09-08 18:38:23,233.27,2.78,0
2026-09-08 18:39:23,227.16,2.74,0
2026-09-08 18:40:23,227.7,3.0,0
2026-09-08 18:41:23,227.0,3.02,0
2026-09-08 18:42:23,232.22,3.18,0
2026-09-08 18:43:23,232.1,3.25,0
2026-09-08 18:44:23,231.7,3.13,0
2026-09-08 18:45:23,233.16,2.8,0
2026-09-08 18:46:23,226.8,2.78,0
2026-09-08 18:47:23,232.01,3.25,0
2026-09-08 18:48:23,227.61,3.26,0
2026-09-08 18:49:23,229.08,3.27,0
2026-09-08 18:50:23,226.66,2.96,0
2026-09-08 18:51:23,229.57,2.91,0
2026-09-08 18:52:23,230.95,2.84,0
2026-09-08 18:53:23,226.19,3.27,0
2026-09-08 18:54:23,228.66,3.06,0
2026-09-08 18:55:23,231.68,3.07,0
2026-09-08 18:56:23,226.21,2.76,0
2026-09-08 18:57:23,231.33,2.9,0
2026-09-08 18:58:23,229.14,3.07,0
2026-09-08 18:59:23,229.5,2.71,0
2026-09-08 19:00:23,230.44,3.26,0
2026-09-08 19:01:23,229.13,3.29,0
2026-09-08 19:02:23,230.34,2.75,0
2026-09-08 19:03:23,228.03,2.72,0
2026-09-08 19:04:23,228.17,2.9,0
2026-09-08 19:05:23,228.96,2.87,0
2026-09-08 19:06:23,233.92,2.71,0
2026-09-08 19:07:23,231.34,3.03,0
2026-09-08 19:08:23,230.7,2.91,0
2026-09-08 19:09:23,233.32,2.79,0
2026-09-08 19:10:23,229.26,3.2,0
2026-09-08 19:11:23,233.99,2.83,0
2026-09-08 19:12:23,232.72,2.97,0
2026-09-08 19:13:23,229.55,2.77,0
2026-09-08 19:14:23,226.28,3.16,0
2026-09-08 19:15:23,229.5,3.02,0
2026-09-08 19:16:23,232.24,2.82,0
2026-09-08 19:17:23,230.71,2.71,0
2026-09-08 19:18:23,231.3,2.98,0
2026-09-08 19:19:23,230.54,3.14,0
2026-09-08 19:20:23,230.09,3.2,0
2026-09-08 19:21:23,226.03,3.02,0
2026-09-08 19:22:23,232.97,2.9,0
2026-09-08 19:23:23,227.23,2.85,0
2026-09-08 19:24:23,229.39,2.76,0
2026-09-08 19:25:23,227.67,2.71,0
2026-09-08 19:26:23,233.66,3.08,0
2026-09-08 19:27:23,232.9,2.84,0
2026-09-08 19:28:23,230.46,3.2,0
2026-09-08 19:29:23,227.94,2.99,0
2026-09-08 19:30:23,227.37,2.79,0
2026-09-08 19:31:23,226.08,2.94,0
2026-09-08 19:32:23,231.59,2.89,0
2026-09-08 19:33:23,227.58,3.15,0
2026-09-08 19:34:23,229.25,2.96,0
2026-09-08 19:35:23,227.64,2.96,0
2026-09-08 19:36:23,231.38,2.98,0
2026-09-08 19:37:23,229.1,2.96,0
2026-09-08 19:38:23,228.96,2.71,0
2026-09-08 19:39:23,232.92,3.15,0
2026-09-08 19:40:23,228.75,2.75,0
2026-09-08 19:41:23,227.16,3.23,0
2026-09-08 19:42:23,231.04,2.73,0
2026-09-08 19:43:23,226.04,3.13,0
2026-09-08 19:44:23,228.6,3.2,0
2026-09-08 19:45:23,229.56,3.01,0
2026-09-08 19:46:23,230.9,2.74,0
2026-09-08 19:47:23,228.15,2.84,0
2026-09-08 19:48:23,229.08,2.88,0
2026-09-08 19:49:23,229.73,2.95,0
2026-09-08 19:50:23,228.76,2.89,0
2026-09-08 19:51:23,233.77,3.04,0
2026-09-08 19:52:23,227.31,2.89,0
2026-09-08 19:53:23,229.4,2.96,0
2026-09-08 19:54:23,230.88,3.26,0
2026-09-08 19:55:23,234.0,2.9,0
2026-09-08 19:56:23,232.91,3.24,0
2026-09-08 19:57:23,230.9,2.78,0
2026-09-08 19:58:23,226.89,2.78,0
2026-09-08 19:59:23,231.88,3.03,0
2026-09-08 20:00:23,233.54,2.71,0
2026-09-08 20:01:23,233.62,2.78,0
2026-09-08 20:02:23,229.64,3.26,0
2026-09-08 20:03:23,226.98,2.79,0
2026-09-08 20:04:23,227.02,3.23,0
2026-09-08 20:05:23,231.56,3.28,0
2026-09-08 20:06:23,232.73,3.13,0
2026-09-08 20:07:23,226.81,2.87,0
2026-09-08 20:08:23,232.36,2.79,0
2026-09-08 20:09:23,227.81,3.29,0
2026-09-08 20:10:23,231.04,2.95,0
2026-09-08 20:11:23,233.01,2.99,0
2026-09-08 20:12:23,228.96,2.77,0
2026-09-08 20:13:23,227.69,3.21,0
2026-09-08 20:14:23,228.78,2.87,0
2026-09-08 20:15:23,233.91,2.85,0
2026-09-08 20:16:23,226.79,2.7,0
2026-09-08 20:17:23,227.46,2.72,0
2026-09-08 20:18:23,231.48,3.14,0
2026-09-08 20:19:23,226.57,2.71,0
2026-09-08 20:20:23,231.74,2.84,0
2026-09-08 20:21:23,229.78,2.73,0
2026-09-08 20:22:23,232.87,2.73,0
2026-09-08 20:23:23,227.68,3.1,0
2026-09-08 20:24:23,227.17,2.76,0
2026-09-08 20:25:23,230.87,2.77,0
2026-09-08 20:26:23,226.19,3.17,0
2026-09-08 20:27:23,229.87,3.06,0
2026-09-08 20:28:23,232.39,3.13,0
2026-09-08 20:29:23,227.34,3.26,0
2026-09-08 20:30:23,233.28,2.98,0
2026-09-08 20:31:23,233.55,3.25,0
2026-09-08 20:32:23,233.84,2.72,0
2026-09-08 20:33:23,226.66,3.01,0
2026-09-08 20:34:23,231.0,3.11,0
2026-09-08 20:35:23,233.35,2.77,0
2026-09-08 20:36:23,231.09,2.91,0
2026-09-08 20:37:23,231.79,2.96,0
2026-09-08 20:38:23,229.37,3.1,0
2026-09-08 20:39:23,226.39,2.91,0
2026-09-08 20:40:23,231.75,3.02,0
2026-09-08 20:41:23,233.58,3.27,0
2026-09-08 20:42:23,227.51,3.18,0
2026-09-08 20:43:23,226.53,3.24,0
2026-09-08 20:44:23,228.23,3.26,0
2026-09-08 20:45:23,233.03,2.96,0
2026-09-08 20:46:23,230.23,2.97,0
2026-09-08 20:47:23,233.19,2.71,0
2026-09-08 20:48:23,230.0,2.96,0
2026-09-08 20:49:23,231.39,2.9,0
2026-09-08 20:50:23,231.5,2.77,0
2026-09-08 20:51:23,226.76,2.95,0
2026-09-08 20:52:23,227.18,3.08,0
2026-09-08 20:53:23,231.76,2.8,0
2026-09-08 20:54:23,228.38,2.83,0
2026-09-08 20:55:23,226.45,2.79,0
2026-09-08 20:56:23,228.27,3.19,0
2026-09-08 20:57:23,231.78,2.94,0
2026-09-08 20:58:23,233.85,2.86,0
2026-09-08 20:59:23,231.76,3.19,0
2026-09-08 21:00:23,229.61,2.87,0
2026-09-08 21:01:23,229.15,3.18,0
2026-09-08 21:02:23,233.86,3.25,0
2026-09-08 21:03:23,230.9,2.83,0
2026-09-08 21:04:23,232.13,3.2,0
2026-09-08 21:05:23,226.66,2.9,0
2026-09-08 21:06:23,230.63,2.85,0
2026-09-08 21:07:23,232.29,3.07,0
2026-09-08 21:08:23,229.21,2.93,0
2026-09-08 21:09:23,226.9,3.14,0
2026-09-08 21:10:23,226.18,2.91,0
2026-09-08 21:11:23,228.3,3.06,0
2026-09-08 21:12:23,232.25,2.88,0
2026-09-08 21:13:23,232.67,3.29,0
2026-09-08 21:14:23,227.05,2.79,0
2026-09-08 21:15:23,231.62,3.21,0
2026-09-08 21:16:23,228.85,3.12,0
2026-09-08 21:17:23,230.86,3.19,0
2026-09-08 21:18:23,227.14,2.83,0
2026-09-08 21:19:23,233.02,2.83,0
2026-09-08 21:20:23,232.84,2.94,0
2026-09-08 21:21:23,230.0,2.8,0
2026-09-08 21:22:23,229.27,2.96,0
2026-09-08 21:23:23,230.44,3.02,0
2026-09-08 21:24:23,232.35,3.21,0
2026-09-08 21:25:23,229.01,2.96,0
2026-09-08 21:26:23,233.06,3.08,0
2026-09-08 21:27:23,233.62,3.26,0
2026-09-08 21:28:23,229.2,3.22,0
2026-09-08 21:29:23,231.15,2.81,0
2026-09-08 21:30:23,229.85,3.11,0
2026-09-08 21:31:23,228.87,3.22,0
2026-09-08 21:32:23,227.61,3.07,0
2026-09-08 21:33:23,229.26,3.11,0
2026-09-08 21:34:23,229.08,3.1,0
2026-09-08 21:35:23,229.63,3.2,0
2026-09-08 21:36:23,232.85,3.07,0
2026-09-08 21:37:23,231.63,3.06,0
2026-09-08 21:38:23,232.95,2.89,0
2026-09-08 21:39:23,227.73,2.84,0
2026-09-08 21:40:23,228.71,3.25,0
2026-09-08 21:41:23,228.87,3.02,0
2026-09-08 21:42:23,233.0,3.08,0
2026-09-08 21:43:23,232.06,3.14,0
2026-09-08 21:44:23,233.35,3.16,0
2026-09-08 21:45:23,231.18,3.06,0
2026-09-08 21:46:23,233.68,3.09,0
2026-09-08 21:47:23,226.08,3.23,0
2026-09-08 21:48:23,230.8,2.99,0
2026-09-08 21:49:23,231.88,3.13,0
2026-09-08 21:50:23,229.43,3.29,0
2026-09-08 21:51:23,228.58,3.26,0
2026-09-08 21:52:23,229.01,3.24,0
2026-09-08 21:53:23,233.74,2.72,0
2026-09-08 21:54:23,226.57,3.1,0
2026-09-08 21:55:23,231.39,3.3,0
2026-09-08 21:56:23,229.0,3.2,0
2026-09-08 21:57:23,230.65,2.98,0
2026-09-08 21:58:23,230.05,2.87,0
2026-09-08 21:59:23,229.35,2.72,0
2026-09-08 22:00:23,226.71,2.83,0
2026-09-08 22:01:23,229.4,2.97,0
2026-09-08 22:02:23,229.55,3.03,0
2026-09-08 22:03:23,229.94,3.3,0
2026-09-08 22:04:23,228.02,3.21,0
2026-09-08 22:05:23,226.32,2.76,0
2026-09-08 22:06:23,226.83,2.75,0
2026-09-08 22:07:23,226.16,3.25,0
2026-09-08 22:08:23,229.0,2.94,0
2026-09-08 22:09:23,230.21,3.02,0
2026-09-08 22:10:23,233.16,2.93,0
2026-09-08 22:11:23,227.7,2.99,0
2026-09-08 22:12:23,232.63,3.24,0
2026-09-08 22:13:23,233.96,3.2,0
2026-09-08 22:14:23,227.66,2.71,0
2026-09-08 22:15:23,228.63,2.9,0
2026-09-08 22:16:23,226.69,2.7,0
2026-09-08 22:17:23,228.3,2.82,0
2026-09-08 22:18:23,227.17,2.99,0
2026-09-08 22:19:23,230.73,2.76,0
2026-09-08 22:20:23,232.69,3.09,0
2026-09-08 22:21:23,229.13,3.02,0
2026-09-08 22:22:23,229.66,2.96,0
2026-09-08 22:23:23,228.77,3.02,0
2026-09-08 22:24:23,227.64,2.95,0
2026-09-08 22:25:23,227.4,2.77,0
2026-09-08 22:26:23,230.07,3.2,0
2026-09-08 22:27:23,231.19,2.92,0
2026-09-08 22:28:23,228.42,3.23,0
2026-09-08 22:29:23,233.4,3.17,0
2026-09-08 22:30:23,230.47,3.23,0
2026-09-08 22:31:23,226.35,3.07,0
2026-09-08 22:32:23,227.52,3.25,0
2026-09-08 22:33:23,230.74,2.99,0
2026-09-08 22:34:23,232.96,2.94,0
2026-09-08 22:35:23,229.89,2.88,0
2026-09-08 22:36:23,231.42,3.08,0
2026-09-08 22:37:23,229.96,2.9,0
2026-09-08 22:38:23,226.42,2.92,0
2026-09-08 22:39:23,228.33,3.21,0
2026-09-08 22:40:23,233.28,3.08,0
2026-09-08 22:41:23,228.84,3.27,0
2026-09-08 22:42:23,230.54,2.8,0
2026-09-08 22:43:23,228.04,2.87,0
2026-09-08 22:44:23,228.91,2.74,0
2026-09-08 22:45:23,231.84,2.81,0
2026-09-08 22:46:23,226.75,3.02,0
2026-09-08 22:47:23,226.37,3.26,0
2026-09-08 22:48:23,229.63,2.95,0
2026-09-08 22:49:23,230.16,2.91,0
2026-09-08 22:50:23,229.08,2.81,0
2026-09-08 22:51:23,232.48,2.8,0
2026-09-08 22:52:23,232.93,2.94,0
2026-09-08 22:53:23,230.52,2.91,0
2026-09-08 22:54:23,231.37,3.19,0
2026-09-08 22:55:23,228.4,3.17,0
2026-09-08 22:56:23,232.82,3.05,0
2026-09-08 22:57:23,232.22,3.02,0
2026-09-08 22:58:23,228.14,2.87,0
2026-09-08 22:59:23,226.78,3.17,0
2026-09-08 23:00:23,229.81,3.22,0
2026-09-08 23:01:23,229.97,2.75,0
2026-09-08 23:02:23,228.37,2.8,0
2026-09-08 23:03:23,229.27,3.09,0
2026-09-08 23:04:23,227.63,3.23,0
2026-09-08 23:05:23,231.86,2.91,0
2026-09-08 23:06:23,226.56,3.02,0
2026-09-08 23:07:23,230.86,3.26,0
2026-09-08 23:08:23,227.53,3.15,0
2026-09-08 23:09:23,228.35,2.85,0
2026-09-08 23:10:23,233.92,2.87,0
2026-09-08 23:11:23,227.86,3.1,0
2026-09-08 23:12:23,229.57,2.75,0
2026-09-08 23:13:23,226.3,2.95,0
2026-09-08 23:14:23,226.2,3.14,0
2026-09-08 23:15:23,230.05,3.02,0
2026-09-08 23:16:23,229.67,3.0,0
2026-09-08 23:17:23,232.51,2.7,0
2026-09-08 23:18:23,232.11,2.93,0
2026-09-08 23:19:23,229.18,3.11,0
2026-09-08 23:20:23,227.34,3.25,0
2026-09-08 23:21:23,229.49,3.09,0
2026-09-08 23:22:23,230.85,2.85,0
2026-09-08 23:23:23,233.07,3.15,0
2026-09-08 23:24:23,227.11,2.83,0
2026-09-08 23:25:23,227.35,3.29,0
2026-09-08 23:26:23,227.15,2.74,0
2026-09-08 23:27:23,230.93,2.9,0
2026-09-08 23:28:23,230.7,2.83,0
2026-09-08 23:29:23,229.9,2.86,0
2026-09-08 23:30:23,231.42,3.26,0
2026-09-08 23:31:23,229.86,2.99,0
2026-09-08 23:32:23,230.76,3.25,0
2026-09-08 23:33:23,229.95,3.09,0
2026-09-08 23:34:23,232.81,2.78,0
2026-09-08 23:35:23,231.15,3.15,0
2026-09-08 23:36:23,233.3,2.73,0
2026-09-08 23:37:23,233.29,3.02,0
2026-09-08 23:38:23,230.1,2.72,0
2026-09-08 23:39:23,229.95,3.1,0
2026-09-08 23:40:23,226.32,3.24,0
2026-09-08 23:41:23,229.43,2.8,0
2026-09-08 23:42:23,232.2,2.72,0
2026-09-08 23:43:23,226.72,3.11,0
2026-09-08 23:44:23,231.38,2.78,0
2026-09-08 23:45:23,231.96,3.19,0
2026-09-08 23:46:23,229.23,2.71,0
2026-09-08 23:47:23,229.46,2.77,0
2026-09-08 23:48:23,231.38,3.1,0
2026-09-08 23:49:23,228.74,3.12,0
2026-09-08 23:50:23,232.16,3.25,0
2026-09-08 23:51:23,231.99,2.78,0
2026-09-08 23:52:23,228.29,3.16,0
2026-09-08 23:53:23,227.98,2.7,0
2026-09-08 23:54:23,230.86,2.82,0
2026-09-08 23:55:23,227.12,2.93,0
2026-09-08 23:56:23,230.74,2.75,0
2026-09-08 23:57:23,229.28,2.8,0
2026-09-08 23:58:23,231.77,3.15,0
2026-09-08 23:59:23,233.24,3.02,0
2026-09-09 00:00:23,232.36,2.91,0
2026-09-09 00:01:23,231.07,2.86,0
2026-09-09 00:02:23,227.21,2.98,0
2026-09-09 00:03:23,231.23,2.86,0
2026-09-09 00:04:23,229.47,2.99,0
2026-09-09 00:05:23,230.78,2.99,0
2026-09-09 00:06:23,227.08,3.26,0
2026-09-09 00:07:23,229.47,2.84,0
2026-09-09 00:08:23,226.11,2.89,0
2026-09-09 00:09:23,228.59,3.09,0
2026-09-09 00:10:23,229.99,2.93,0
2026-09-09 00:11:23,230.15,3.24,0
2026-09-09 00:12:23,227.45,2.92,0
2026-09-09 00:13:23,229.89,3.3,0
2026-09-09 00:14:23,226.8,3.21,0
2026-09-09 00:15:23,229.0,2.93,0
2026-09-09 00:16:23,231.41,3.29,0
2026-09-09 00:17:23,232.38,2.94,0
2026-09-09 00:18:23,227.05,2.89,0
2026-09-09 00:19:23,229.85,3.24,0
2026-09-09 00:20:23,232.84,3.21,0
2026-09-09 00:21:23,229.2,3.15,0
2026-09-09 00:22:23,227.83,3.06,0
2026-09-09 00:23:23,227.23,3.02,0
2026-09-09 00:24:23,230.68,3.09,0
2026-09-09 00:25:23,233.27,2.97,0
2026-09-09 00:26:23,229.31,3.09,0
2026-09-09 00:27:23,230.54,3.25,0
2026-09-09 00:28:23,233.91,3.23,0
2026-09-09 00:29:23,229.8,2.98,0
2026-09-09 00:30:23,231.3,2.71,0
2026-09-09 00:31:23,233.6,3.27,0
2026-09-09 00:32:23,228.47,3.1,0
2026-09-09 00:33:23,231.27,2.81,0
2026-09-09 00:34:23,227.93,3.01,0
2026-09-09 00:35:23,232.03,3.25,0
2026-09-09 00:36:23,231.66,2.83,0
2026-09-09 00:37:23,226.66,2.95,0
2026-09-09 00:38:23,227.57,3.09,0
2026-09-09 00:39:23,226.07,3.18,0
2026-09-09 00:40:23,232.72,3.18,0
2026-09-09 00:41:23,226.37,2.95,0
2026-09-09 00:42:23,233.1,2.77,0
2026-09-09 00:43:23,231.59,3.0,0
2026-09-09 00:44:23,226.7,2.88,0
2026-09-09 00:45:23,226.55,3.02,0
2026-09-09 00:46:23,232.77,3.19,0
2026-09-09 00:47:23,226.92,3.11,0
2026-09-09 00:48:23,226.52,3.21,0
2026-09-09 00:49:23,233.02,2.79,0
2026-09-09 00:50:23,226.21,3.07,0
2026-09-09 00:51:23,227.94,3.01,0
2026-09-09 00:52:23,230.04,2.99,0
2026-09-09 00:53:23,226.28,3.24,0
2026-09-09 00:54:23,227.71,3.22,0
2026-09-09 00:55:23,227.96,2.75,0
2026-09-09 00:56:23,232.31,2.96,0
2026-09-09 00:57:23,232.68,2.9,0
2026-09-09 00:58:23,231.88,3.05,0
2026-09-09 00:59:23,231.77,2.71,0
2026-09-09 01:00:23,228.94,2.92,0
2026-09-09 01:01:23,232.58,3.25,0
2026-09-09 01:02:23,229.82,2.71,0
2026-09-09 01:03:23,231.53,3.14,0
2026-09-09 01:04:23,233.11,2.72,0
2026-09-09 01:05:23,228.93,2.88,0
2026-09-09 01:06:23,229.3,3.25,0
2026-09-09 01:07:23,228.08,3.27,0
2026-09-09 01:08:23,233.34,2.83,0
2026-09-09 01:09:23,231.09,3.11,0
2026-09-09 01:10:23,233.38,2.76,0
2026-09-09 01:11:23,233.07,2.99,0
2026-09-09 01:12:23,231.59,3.15,0
2026-09-09 01:13:23,229.66,2.92,0
2026-09-09 01:14:23,227.05,2.77,0
2026-09-09 01:15:23,228.92,3.18,0
2026-09-09 01:16:23,228.87,3.13,0
2026-09-09 01:17:23,227.51,2.73,0
2026-09-09 01:18:23,230.1,2.99,0
2026-09-09 01:19:23,232.56,3.02,0
2026-09-09 01:20:23,233.79,3.08,0
2026-09-09 01:21:23,233.53,2.7,0
2026-09-09 01:22:23,230.27,2.84,0
2026-09-09 01:23:23,228.77,3.3,0
2026-09-09 01:24:23,226.59,2.88,0
2026-09-09 01:25:23,232.88,3.15,0
2026-09-09 01:26:23,230.29,2.79,0
2026-09-09 01:27:23,227.11,3.15,0
2026-09-09 01:28:23,233.84,2.99,0
2026-09-09 01:29:23,227.25,3.27,0
2026-09-09 01:30:23,233.26,2.72,0
2026-09-09 01:31:23,228.97,2.85,0
2026-09-09 01:32:23,229.73,3.14,0
2026-09-09 01:33:23,233.18,3.17,0
2026-09-09 01:34:23,230.98,2.88,0
2026-09-09 01:35:23,229.03,2.86,0
2026-09-09 01:36:23,233.01,2.95,0
2026-09-09 01:37:23,230.67,2.88,0
2026-09-09 01:38:23,233.71,2.92,0
2026-09-09 01:39:23,230.7,2.94,0
2026-09-09 01:40:23,230.01,2.73,0
2026-09-09 01:41:23,233.67,3.03,0
2026-09-09 01:42:23,228.41,3.23,0
2026-09-09 01:43:23,228.36,3.28,0
2026-09-09 01:44:23,231.36,2.94,0
2026-09-09 01:45:23,231.07,3.16,0
2026-09-09 01:46:23,228.62,3.08,0
2026-09-09 01:47:23,229.66,2.91,0
2026-09-09 01:48:23,233.98,3.23,0
2026-09-09 01:49:23,231.06,2.72,0
2026-09-09 01:50:23,231.87,2.78,0
2026-09-09 01:51:23,233.74,3.25,0
2026-09-09 01:52:23,231.61,3.21,0
2026-09-09 01:53:23,227.31,2.96,0
2026-09-09 01:54:23,227.02,3.3,0
2026-09-09 01:55:23,229.99,2.97,0
2026-09-09 01:56:23,229.45,2.85,0
2026-09-09 01:57:23,230.6,2.85,0
2026-09-09 01:58:23,228.42,3.01,0
2026-09-09 01:59:23,227.3,2.98,0
2026-09-09 02:00:23,228.84,2.77,0
2026-09-09 02:01:23,233.37,2.82,0
2026-09-09 02:02:23,232.73,3.15,0
2026-09-09 02:03:23,231.03,3.2,0
2026-09-09 02:04:23,228.08,3.18,0
2026-09-09 02:05:23,226.13,3.0,0
2026-09-09 02:06:23,230.59,3.08,0
2026-09-09 02:07:23,227.25,3.01,0
2026-09-09 02:08:23,233.94,2.96,0
2026-09-09 02:09:23,229.53,3.15,0
2026-09-09 02:10:23,233.2,2.71,0
2026-09-09 02:11:23,226.1,3.28,0
2026-09-09 02:12:23,231.29,3.26,0
2026-09-09 02:13:23,231.81,3.09,0
2026-09-09 02:14:23,226.24,2.75,0
2026-09-09 02:15:23,233.14,2.81,0
2026-09-09 02:16:23,226.57,2.87,0
2026-09-09 02:17:23,231.94,3.14,0
2026-09-09 02:18:23,228.89,3.04,0
2026-09-09 02:19:23,229.15,2.93,0
2026-09-09 02:20:23,229.82,3.27,0
2026-09-09 02:21:23,231.39,2.97,0
2026-09-09 02:22:23,230.19,3.17,0
2026-09-09 02:23:23,233.27,2.92,0
2026-09-09 02:24:23,233.05,3.25,0
2026-09-09 02:25:23,228.59,3.23,0
2026-09-09 02:26:23,226.78,2.9,0
2026-09-09 02:27:23,227.7,3.04,0
2026-09-09 02:28:23,231.17,3.06,0
2026-09-09 02:29:23,233.62,3.06,0
2026-09-09 02:30:23,227.37,2.75,0
2026-09-09 02:31:23,227.06,2.86,0
2026-09-09 02:32:23,228.79,2.91,0
2026-09-09 02:33:23,229.24,3.05,0
2026-09-09 02:34:23,229.5,2.74,0
2026-09-09 02:35:23,228.1,3.25,0
2026-09-09 02:36:23,231.87,3.04,0
2026-09-09 02:37:23,231.87,3.22,0
2026-09-09 02:38:23,233.38,3.03,0
2026-09-09 02:39:23,230.62,2.83,0
2026-09-09 02:40:23,231.05,2.82,0
2026-09-09 02:41:23,229.91,3.28,0
2026-09-09 02:42:23,232.68,3.12,0
2026-09-09 02:43:23,231.44,2.79,0
2026-09-09 02:44:23,232.92,3.22,0
2026-09-09 02:45:23,229.55,3.01,0
2026-09-09 02:46:23,230.05,2.77,0
2026-09-09 02:47:23,233.32,3.25,0
2026-09-09 02:48:23,227.19,2.74,0
2026-09-09 02:49:23,232.4,3.22,0
2026-09-09 02:50:23,228.0,2.76,0
2026-09-09 02:51:23,228.34,3.05,0
2026-09-09 02:52:23,229.38,2.93,0
2026-09-09 02:53:23,226.83,2.94,0
2026-09-09 02:54:23,232.58,3.23,0
2026-09-09 02:55:23,228.71,2.96,0
2026-09-09 02:56:23,230.5,3.1,0
2026-09-09 02:57:23,232.01,2.92,0
2026-09-09 02:58:23,229.28,3.05,0
2026-09-09 02:59:23,229.98,2.81,0
2026-09-09 03:00:23,226.47,2.88,0
2026-09-09 03:01:23,232.37,2.93,0
2026-09-09 03:02:23,231.96,2.82,0
2026-09-09 03:03:23,227.14,2.77,0
2026-09-09 03:04:23,227.03,3.24,0
2026-09-09 03:05:23,233.87,2.95,0
2026-09-09 03:06:23,228.68,3.03,0
2026-09-09 03:07:23,228.86,3.17,0
2026-09-09 03:08:23,229.52,3.1,0
2026-09-09 03:09:23,232.3,3.09,0
2026-09-09 03:10:23,230.26,2.96,0
2026-09-09 03:11:23,228.24,3.29,0
2026-09-09 03:12:23,229.99,3.08,0
2026-09-09 03:13:23,232.42,3.2,0
2026-09-09 03:14:23,226.0,3.25,0
2026-09-09 03:15:23,226.47,3.17,0
2026-09-09 03:16:23,231.6,2.87,0
2026-09-09 03:17:23,227.58,3.13,0
2026-09-09 03:18:23,229.78,2.92,0
2026-09-09 03:19:23,226.53,2.85,0
2026-09-09 03:20:23,229.43,2.89,0
2026-09-09 03:21:23,226.7,2.81,0
2026-09-09 03:22:23,233.64,2.94,0
2026-09-09 03:23:23,231.14,2.81,0
2026-09-09 03:24:23,226.85,3.14,0
2026-09-09 03:25:23,230.62,2.93,0
2026-09-09 03:26:23,232.79,3.08,0
2026-09-09 03:27:23,227.79,2.75,0
2026-09-09 03:28:23,231.31,2.86,0
2026-09-09 03:29:23,230.24,2.97,0
2026-09-09 03:30:23,231.6,3.03,0
2026-09-09 03:31:23,228.26,2.88,0
2026-09-09 03:32:23,226.74,3.05,0
2026-09-09 03:33:23,232.01,3.16,0
2026-09-09 03:34:23,226.37,2.91,0
2026-09-09 03:35:23,229.77,2.82,0
2026-09-09 03:36:23,228.73,2.86,0
2026-09-09 03:37:23,228.18,3.04,0
2026-09-09 03:38:23,229.33,2.78,0
2026-09-09 03:39:23,226.99,2.72,0
2026-09-09 03:40:23,226.07,2.79,0
2026-09-09 03:41:23,232.72,3.01,0
2026-09-09 03:42:23,232.48,3.03,0
2026-09-09 03:43:23,232.76,2.99,0
2026-09-09 03:44:23,227.12,2.73,0
2026-09-09 03:45:23,226.13,2.92,0
2026-09-09 03:46:23,231.72,3.23,0
2026-09-09 03:47:23,230.56,3.24,0
2026-09-09 03:48:23,226.21,2.87,0
2026-09-09 03:49:23,233.41,3.07,0
2026-09-09 03:50:23,230.78,3.15,0
2026-09-09 03:51:23,231.13,2.74,0
2026-09-09 03:52:23,228.91,2.8,0
2026-09-09 03:53:23,226.36,2.92,0
2026-09-09 03:54:23,231.71,2.95,0
2026-09-09 03:55:23,230.48,2.81,0
2026-09-09 03:56:23,228.39,3.21,0
2026-09-09 03:57:23,233.42,2.9,0
2026-09-09 03:58:23,233.57,2.8,0
2026-09-09 03:59:23,227.19,3.25,0
2026-09-09 04:00:23,227.95,2.95,0
2026-09-09 04:01:23,228.57,2.86,0
2026-09-09 04:02:23,228.88,3.02,0
2026-09-09 04:03:23,229.33,2.91,0
2026-09-09 04:04:23,226.97,3.25,0
2026-09-09 04:05:23,231.98,3.01,0
2026-09-09 04:06:23,229.75,3.13,0
2026-09-09 04:07:23,226.93,2.99,0
2026-09-09 04:08:23,228.97,3.15,0
2026-09-09 04:09:23,227.19,2.99,0
2026-09-09 04:10:23,229.47,3.27,0
2026-09-09 04:11:23,232.51,2.72,0
2026-09-09 04:12:23,229.47,3.06,0
2026-09-09 04:13:23,230.01,3.06,0
2026-09-09 04:14:23,233.62,2.99,0
2026-09-09 04:15:23,226.98,3.25,0
2026-09-09 04:16:23,229.57,2.85,0
2026-09-09 04:17:23,231.16,2.85,0
2026-09-09 04:18:23,229.63,3.28,0
2026-09-09 04:19:23,227.67,3.28,0
2026-09-09 04:20:23,229.4,2.79,0
2026-09-09 04:21:23,226.97,3.05,0
2026-09-09 04:22:23,227.67,3.18,0
2026-09-09 04:23:23,227.35,3.06,0
2026-09-09 04:24:23,230.4,2.87,0
2026-09-09 04:25:23,226.54,2.79,0
2026-09-09 04:26:23,232.84,3.16,0
2026-09-09 04:27:23,231.05,3.23,0
2026-09-09 04:28:23,229.91,3.27,0
2026-09-09 04:29:23,227.65,3.03,0
2026-09-09 04:30:23,228.31,3.19,0
2026-09-09 04:31:23,227.28,3.18,0
2026-09-09 04:32:23,232.19,3.21,0
2026-09-09 04:33:23,228.7,3.09,0
2026-09-09 04:34:23,227.15,2.98,0
2026-09-09 04:35:23,233.08,2.74,0
2026-09-09 04:36:23,227.29,2.94,0
2026-09-09 04:37:23,229.34,2.85,0
2026-09-09 04:38:23,232.84,3.11,0
2026-09-09 04:39:23,230.84,3.05,0
2026-09-09 04:40:23,226.52,3.06,0
2026-09-09 04:41:23,231.27,3.26,0
2026-09-09 04:42:23,227.36,2.98,0
2026-09-09 04:43:23,227.15,2.89,0
2026-09-09 04:44:23,232.13,2.99,0
2026-09-09 04:45:23,229.96,3.16,0
2026-09-09 04:46:23,227.89,3.05,0
2026-09-09 04:47:23,229.37,3.05,0
2026-09-09 04:48:23,233.34,3.2,0
2026-09-09 04:49:23,229.17,2.9,0
2026-09-09 04:50:23,233.37,3.17,0
2026-09-09 04:51:23,227.13,2.79,0
2026-09-09 04:52:23,227.66,3.15,0
2026-09-09 04:53:23,228.06,0.43,1
2026-09-09 04:54:23,232.18,3.11,0
2026-09-09 04:55:23,226.77,3.12,0
2026-09-09 04:56:23,228.3,2.83,0
2026-09-09 04:57:23,232.24,2.78,0
2026-09-09 04:58:23,229.68,3.18,0
2026-09-09 04:59:23,230.71,3.01,0
2026-09-09 05:00:23,226.97,2.91,0
2026-09-09 05:01:23,233.91,2.8,0
2026-09-09 05:02:23,227.03,2.72,0
2026-09-09 05:03:23,230.66,3.0,0
2026-09-09 05:04:23,232.15,3.12,0
2026-09-09 05:05:23,230.84,3.22,0
2026-09-09 05:06:23,227.77,2.98,0
2026-09-09 05:07:23,228.49,2.87,0
2026-09-09 05:08:23,227.73,2.85,0
2026-09-09 05:09:23,233.62,3.12,0
2026-09-09 05:10:23,228.98,3.02,0
2026-09-09 05:11:23,231.5,3.09,0
2026-09-09 05:12:23,232.18,2.88,0
2026-09-09 05:13:23,227.43,3.27,0
2026-09-09 05:14:23,233.62,3.26,0
2026-09-09 05:15:23,228.51,3.1,0
2026-09-09 05:16:23,226.78,3.19,0
2026-09-09 05:17:23,229.93,2.7,0
2026-09-09 05:18:23,230.06,2.84,0
2026-09-09 05:19:23,229.6,3.03,0
2026-09-09 05:20:23,233.92,3.24,0
2026-09-09 05:21:23,229.88,2.96,0
2026-09-09 05:22:23,230.53,3.27,0
2026-09-09 05:23:23,229.71,3.17,0
2026-09-09 05:24:23,233.59,3.21,0
2026-09-09 05:25:23,232.11,2.87,0
2026-09-09 05:26:23,229.1,2.73,0
2026-09-09 05:27:23,233.74,3.06,0
2026-09-09 05:28:23,231.73,2.72,0
2026-09-09 05:29:23,229.34,3.24,0
2026-09-09 05:30:23,227.02,3.09,0
2026-09-09 05:31:23,232.32,3.25,0
2026-09-09 05:32:23,226.66,2.75,0
2026-09-09 05:33:23,233.85,2.99,0
2026-09-09 05:34:23,228.81,0.58,1
2026-09-09 05:35:23,231.57,3.23,0
2026-09-09 05:36:23,228.71,2.98,0
2026-09-09 05:37:23,230.66,3.07,0
2026-09-09 05:38:23,230.84,2.71,0
2026-09-09 05:39:23,229.25,3.1,0
2026-09-09 05:40:23,233.99,2.9,0
2026-09-09 05:41:23,228.36,3.09,0
2026-09-09 05:42:23,226.04,3.01,0
2026-09-09 05:43:23,233.76,3.2,0
2026-09-09 05:44:23,228.28,2.87,0
2026-09-09 05:45:23,231.68,3.29,0
2026-09-09 05:46:23,230.92,3.07,0
2026-09-09 05:47:23,233.19,2.72,0
2026-09-09 05:48:23,232.5,2.97,0
2026-09-09 05:49:23,231.21,3.05,0
2026-09-09 05:50:23,229.02,3.19,0
2026-09-09 05:51:23,231.14,2.98,0
2026-09-09 05:52:23,231.16,3.06,0
2026-09-09 05:53:23,226.99,2.71,0
2026-09-09 05:54:23,229.63,3.27,0
2026-09-09 05:55:23,229.19,3.2,0
2026-09-09 05:56:23,228.77,3.27,0
2026-09-09 05:57:23,228.66,2.93,0
2026-09-09 05:58:23,231.15,2.71,0
2026-09-09 05:59:23,230.48,2.78,0
2026-09-09 06:00:23,227.01,2.9,0
2026-09-09 06:01:23,228.35,3.0,0
2026-09-09 06:02:23,233.88,3.04,0
2026-09-09 06:03:23,228.65,2.71,0
2026-09-09 06:04:23,232.96,2.88,0
2026-09-09 06:05:23,229.78,3.14,0
2026-09-09 06:06:23,228.59,2.84,0
2026-09-09 06:07:23,228.19,3.21,0
2026-09-09 06:08:23,228.7,2.98,0
2026-09-09 06:09:23,226.61,2.73,0
2026-09-09 06:10:23,228.41,3.1,0
2026-09-09 06:11:23,227.98,2.99,0
2026-09-09 06:12:23,229.81,3.28,0
2026-09-09 06:13:23,227.65,3.16,0
2026-09-09 06:14:23,229.79,2.91,0
2026-09-09 06:15:23,232.94,3.0,0
2026-09-09 06:16:23,226.15,3.25,0
2026-09-09 06:17:23,231.2,2.75,0
2026-09-09 06:18:23,226.38,2.84,0
2026-09-09 06:19:23,230.93,2.84,0
2026-09-09 06:20:23,226.8,3.23,0
2026-09-09 06:21:23,226.97,2.92,0
2026-09-09 06:22:23,226.08,2.95,0
2026-09-09 06:23:23,226.12,3.13,0
2026-09-09 06:24:23,232.09,2.83,0
2026-09-09 06:25:23,233.86,2.83,0
2026-09-09 06:26:23,227.55,3.0,0
2026-09-09 06:27:23,232.94,2.87,0
2026-09-09 06:28:23,232.66,3.15,0
2026-09-09 06:29:23,230.77,2.8,0
2026-09-09 06:30:23,232.72,2.73,0
2026-09-09 06:31:23,228.72,3.04,0
2026-09-09 06:32:23,230.96,3.17,0
2026-09-09 06:33:23,233.65,3.14,0
2026-09-09 06:34:23,230.21,3.19,0
2026-09-09 06:35:23,230.44,2.71,0
2026-09-09 06:36:23,227.01,2.97,0
2026-09-09 06:37:23,231.45,2.87,0
2026-09-09 06:38:23,227.9,3.23,0
2026-09-09 06:39:23,226.75,3.12,0
2026-09-09 06:40:23,232.43,3.06,0
2026-09-09 06:41:23,231.51,3.0,0
2026-09-09 06:42:23,227.95,2.75,0
2026-09-09 06:43:23,233.47,2.96,0
2026-09-09 06:44:23,228.39,2.72,0
2026-09-09 06:45:23,230.75,2.95,0
2026-09-09 06:46:23,226.88,2.72,0
2026-09-09 06:47:23,233.34,3.18,0
2026-09-09 06:48:23,229.7,2.81,0
2026-09-09 06:49:23,230.5,2.86,0
2026-09-09 06:50:23,231.19,2.81,0
2026-09-09 06:51:23,233.56,3.15,0
2026-09-09 06:52:23,227.09,2.75,0
2026-09-09 06:53:23,230.56,3.22,0
2026-09-09 06:54:23,232.12,2.76,0
2026-09-09 06:55:23,231.25,2.92,0
2026-09-09 06:56:23,227.98,3.25,0
2026-09-09 06:57:23,229.03,2.75,0
2026-09-09 06:58:23,226.12,2.83,0
2026-09-09 06:59:23,226.16,3.16,0
2026-09-09 07:00:23,226.9,2.72,0
2026-09-09 07:01:23,232.78,3.27,0
2026-09-09 07:02:23,231.01,3.02,0
2026-09-09 07:03:23,227.37,3.05,0
2026-09-09 07:04:23,226.86,3.08,0
2026-09-09 07:05:23,226.6,3.23,0
2026-09-09 07:06:23,233.6,2.84,0
2026-09-09 07:07:23,226.81,2.94,0
2026-09-09 07:08:23,229.73,3.16,0
2026-09-09 07:09:23,228.56,3.3,0
2026-09-09 07:10:23,229.58,2.83,0
2026-09-09 07:11:23,231.92,3.08,0
2026-09-09 07:12:23,228.19,3.25,0
2026-09-09 07:13:23,230.51,2.76,0
2026-09-09 07:14:23,229.95,3.11,0
2026-09-09 07:15:23,231.23,3.03,0
2026-09-09 07:16:23,232.09,2.79,0
2026-09-09 07:17:23,227.61,3.23,0
2026-09-09 07:18:23,229.06,2.83,0
2026-09-09 07:19:23,231.3,3.17,0
2026-09-09 07:20:23,227.84,2.88,0
2026-09-09 07:21:23,230.05,3.09,0
2026-09-09 07:22:23,233.86,2.95,0
2026-09-09 07:23:23,230.5,3.04,0
2026-09-09 07:24:23,229.04,2.82,0
2026-09-09 07:25:23,228.28,3.26,0
2026-09-09 07:26:23,230.19,3.1,0
2026-09-09 07:27:23,233.12,3.03,0
2026-09-09 07:28:23,229.79,3.22,0
2026-09-09 07:29:23,227.7,2.74,0
2026-09-09 07:30:23,228.82,2.88,0
2026-09-09 07:31:23,228.44,2.8,0
2026-09-09 07:32:23,227.27,3.19,0
2026-09-09 07:33:23,229.62,3.15,0
2026-09-09 07:34:23,226.17,3.11,0
2026-09-09 07:35:23,226.03,3.1,0
2026-09-09 07:36:23,227.9,3.1,0
2026-09-09 07:37:23,231.18,3.28,0
2026-09-09 07:38:23,226.06,3.2,0
2026-09-09 07:39:23,231.3,3.07,0
2026-09-09 07:40:23,230.64,3.27,0
2026-09-09 07:41:23,228.12,2.81,0
2026-09-09 07:42:23,227.29,3.27,0
2026-09-09 07:43:23,227.77,3.26,0
2026-09-09 07:44:23,231.52,2.84,0
2026-09-09 07:45:23,228.98,2.73,0
2026-09-09 07:46:23,231.82,3.29,0
2026-09-09 07:47:23,228.61,2.89,0
2026-09-09 07:48:23,233.63,3.22,0
2026-09-09 07:49:23,233.86,3.09,0
2026-09-09 07:50:23,232.09,3.17,0
2026-09-09 07:51:23,232.58,3.23,0
2026-09-09 07:52:23,228.4,2.86,0
2026-09-09 07:53:23,230.78,3.15,0
2026-09-09 07:54:23,227.79,2.97,0
2026-09-09 07:55:23,230.16,3.05,0
2026-09-09 07:56:23,227.63,2.7,0
2026-09-09 07:57:23,226.41,3.06,0
2026-09-09 07:58:23,227.0,3.17,0
2026-09-09 07:59:23,230.12,2.74,0
2026-09-09 08:00:23,232.56,3.25,0
2026-09-09 08:01:23,228.04,2.84,0
2026-09-09 08:02:23,230.2,3.14,0
2026-09-09 08:03:23,227.95,2.87,0
2026-09-09 08:04:23,233.99,2.96,0
2026-09-09 08:05:23,228.77,2.71,0
2026-09-09 08:06:23,230.64,3.21,0
2026-09-09 08:07:23,230.98,2.87,0
2026-09-09 08:08:23,228.04,3.27,0
2026-09-09 08:09:23,233.26,2.78,0
2026-09-09 08:10:23,227.54,2.75,0
2026-09-09 08:11:23,233.05,3.29,0
2026-09-09 08:12:23,229.39,3.18,0
2026-09-09 08:13:23,227.16,2.77,0
2026-09-09 08:14:23,227.05,3.19,0
2026-09-09 08:15:23,227.16,3.17,0
2026-09-09 08:16:23,230.95,2.73,0
2026-09-09 08:17:23,228.28,2.75,0
2026-09-09 08:18:23,230.94,2.82,0
2026-09-09 08:19:23,226.16,3.03,0
2026-09-09 08:20:23,226.79,3.19,0
2026-09-09 08:21:23,230.55,2.77,0
2026-09-09 08:22:23,227.64,2.79,0
2026-09-09 08:23:23,231.1,3.0,0
2026-09-09 08:24:23,229.1,3.03,0
2026-09-09 08:25:23,228.63,2.98,0
2026-09-09 08:26:23,229.7,3.14,0
2026-09-09 08:27:23,229.78,2.84,0
2026-09-09 08:28:23,231.81,2.93,0
2026-09-09 08:29:23,228.43,3.11,0
2026-09-09 08:30:23,227.44,3.2,0
2026-09-09 08:31:23,231.97,3.0,0
2026-09-09 08:32:23,233.73,2.89,0
2026-09-09 08:33:23,230.32,2.88,0
2026-09-09 08:34:23,231.24,3.18,0
2026-09-09 08:35:23,228.42,3.1,0
2026-09-09 08:36:23,233.5,3.14,0
2026-09-09 08:37:23,226.48,2.74,0
2026-09-09 08:38:23,233.42,3.19,0
2026-09-09 08:39:23,233.08,3.12,0
2026-09-09 08:40:23,228.87,3.22,0
2026-09-09 08:41:23,230.49,3.05,0
2026-09-09 08:42:23,227.6,2.95,0
2026-09-09 08:43:23,229.64,3.09,0
2026-09-09 08:44:23,232.26,2.84,0
2026-09-09 08:45:23,226.14,3.19,0
2026-09-09 08:46:23,227.26,3.1,0
2026-09-09 08:47:23,230.56,3.2,0
2026-09-09 08:48:23,228.75,3.12,0
2026-09-09 08:49:23,230.35,3.15,0
2026-09-09 08:50:23,231.92,3.08,0
2026-09-09 08:51:23,229.14,2.87,0
2026-09-09 08:52:23,230.47,3.28,0
2026-09-09 08:53:23,229.34,3.03,0
2026-09-09 08:54:23,233.17,2.84,0
2026-09-09 08:55:23,230.8,3.04,0
2026-09-09 08:56:23,228.25,2.91,0
2026-09-09 08:57:23,229.34,3.19,0
2026-09-09 08:58:23,232.53,3.26,0
2026-09-09 08:59:23,229.46,3.04,0
2026-09-09 09:00:23,229.63,3.26,0
2026-09-09 09:01:23,229.72,2.96,0
2026-09-09 09:02:23,226.28,2.91,0
2026-09-09 09:03:23,229.48,2.84,0
2026-09-09 09:04:23,233.14,3.08,0
2026-09-09 09:05:23,230.65,3.22,0
2026-09-09 09:06:23,230.86,3.09,0
2026-09-09 09:07:23,227.47,3.22,0
2026-09-09 09:08:23,228.64,3.08,0
2026-09-09 09:09:23,232.39,3.1,0
2026-09-09 09:10:23,229.33,3.08,0
2026-09-09 09:11:23,233.11,3.05,0
2026-09-09 09:12:23,227.85,2.74,0
2026-09-09 09:13:23,230.99,3.21,0
2026-09-09 09:14:23,228.19,2.79,0
2026-09-09 09:15:23,232.62,2.73,0
2026-09-09 09:16:23,227.34,2.84,0
2026-09-09 09:17:23,233.2,3.08,0
2026-09-09 09:18:23,231.69,3.15,0
2026-09-09 09:19:23,231.35,2.89,0
2026-09-09 09:20:23,232.34,3.09,0
2026-09-09 09:21:23,233.4,3.0,0
2026-09-09 09:22:23,227.15,3.09,0
2026-09-09 09:23:23,230.05,2.83,0
2026-09-09 09:24:23,227.62,3.06,0
2026-09-09 09:25:23,230.29,2.72,0
2026-09-09 09:26:23,229.14,3.03,0
2026-09-09 09:27:23,232.67,3.22,0
2026-09-09 09:28:23,232.75,2.97,0
2026-09-09 09:29:23,228.2,2.86,0
2026-09-09 09:30:23,227.46,2.78,0
2026-09-09 09:31:23,228.54,3.01,0
2026-09-09 09:32:23,231.35,2.77,0
2026-09-09 09:33:23,229.41,2.71,0
2026-09-09 09:34:23,231.72,3.23,0
2026-09-09 09:35:23,232.47,3.08,0
2026-09-09 09:36:23,226.37,3.13,0
2026-09-09 09:37:23,227.67,3.25,0
2026-09-09 09:38:23,229.01,2.94,0
2026-09-09 09:39:23,227.03,2.77,0
2026-09-09 09:40:23,230.0,2.92,0
2026-09-09 09:41:23,233.36,3.23,0
2026-09-09 09:42:23,226.77,2.78,0
2026-09-09 09:43:23,226.92,3.28,0
2026-09-09 09:44:23,232.48,3.13,0
2026-09-09 09:45:23,233.41,3.17,0
2026-09-09 09:46:23,226.98,3.18,0
2026-09-09 09:47:23,227.53,3.05,0
2026-09-09 09:48:23,229.52,2.83,0
2026-09-09 09:49:23,229.14,2.91,0
2026-09-09 09:50:23,226.57,2.74,0
2026-09-09 09:51:23,231.33,2.96,0
2026-09-09 09:52:23,231.55,3.21,0
2026-09-09 09:53:23,231.74,3.07,0
2026-09-09 09:54:23,227.47,2.81,0
2026-09-09 09:55:23,231.77,3.22,0
2026-09-09 09:56:23,229.12,3.15,0
2026-09-09 09:57:23,233.46,2.82,0
2026-09-09 09:58:23,227.18,2.7,0
2026-09-09 09:59:23,228.41,2.8,0
2026-09-09 10:00:23,232.98,2.98,0
2026-09-09 10:01:23,231.52,3.01,0
2026-09-09 10:02:23,232.79,2.97,0
2026-09-09 10:03:23,228.38,3.14,0
2026-09-09 10:04:23,229.39,2.72,0
2026-09-09 10:05:23,230.6,2.94,0
2026-09-09 10:06:23,226.22,3.06,0
2026-09-09 10:07:23,227.57,3.2,0
2026-09-09 10:08:23,227.42,3.03,0
2026-09-09 10:09:23,226.06,2.79,0
2026-09-09 10:10:23,231.9,3.18,0
2026-09-09 10:11:23,232.1,2.87,0
2026-09-09 10:12:23,226.55,3.17,0
2026-09-09 10:13:23,233.71,2.89,0
2026-09-09 10:14:23,231.31,3.3,0
2026-09-09 10:15:23,232.38,3.02,0
2026-09-09 10:16:23,232.45,2.81,0
2026-09-09 10:17:23,230.11,2.82,0
2026-09-09 10:18:23,232.65,3.09,0
2026-09-09 10:19:23,229.67,2.85,0
2026-09-09 10:20:23,228.3,2.86,0
2026-09-09 10:21:23,228.43,3.03,0
2026-09-09 10:22:23,232.75,3.13,0
2026-09-09 10:23:23,226.58,2.83,0
2026-09-09 10:24:23,233.2,3.06,0
2026-09-09 10:25:23,230.34,3.01,0
2026-09-09 10:26:23,226.37,2.95,0
2026-09-09 10:27:23,227.99,2.84,0
2026-09-09 10:28:23,228.64,3.15,0
2026-09-09 10:29:23,229.01,2.95,0
2026-09-09 10:30:23,227.62,3.29,0
2026-09-09 10:31:23,226.6,2.78,0
2026-09-09 10:32:23,231.57,2.99,0
2026-09-09 10:33:23,233.41,2.91,0
2026-09-09 10:34:23,228.29,3.14,0
2026-09-09 10:35:23,228.61,3.08,0
2026-09-09 10:36:23,230.2,2.99,0
2026-09-09 10:37:23,232.78,2.98,0
2026-09-09 10:38:23,227.79,3.21,0
2026-09-09 10:39:23,232.23,2.88,0
2026-09-09 10:40:23,227.98,2.74,0
2026-09-09 10:41:23,227.35,3.03,0
2026-09-09 10:42:23,227.92,3.25,0
2026-09-09 10:43:23,231.26,2.84,0
2026-09-09 10:44:23,228.31,2.73,0
2026-09-09 10:45:23,230.89,3.17,0
2026-09-09 10:46:23,232.28,3.14,0
2026-09-09 10:47:23,228.74,3.24,0
2026-09-09 10:48:23,227.98,2.78,0
2026-09-09 10:49:23,228.69,3.19,0
2026-09-09 10:50:23,230.88,3.25,0
2026-09-09 10:51:23,230.47,3.18,0
2026-09-09 10:52:23,228.82,2.73,0
2026-09-09 10:53:23,230.42,3.29,0
2026-09-09 10:54:23,230.99,3.2,0
2026-09-09 10:55:23,231.4,3.01,0
2026-09-09 10:56:23,228.7,2.72,0
2026-09-09 10:57:23,230.96,2.73,0
2026-09-09 10:58:23,226.8,3.21,0
2026-09-09 10:59:23,227.64,2.75,0
2026-09-09 11:00:23,226.69,2.99,0
2026-09-09 11:01:23,226.3,3.14,0
2026-09-09 11:02:23,228.94,2.97,0
2026-09-09 11:03:23,231.39,2.85,0
2026-09-09 11:04:23,227.69,3.01,0
2026-09-09 11:05:23,229.85,2.82,0
2026-09-09 11:06:23,227.3,3.0,0
2026-09-09 11:07:23,231.36,3.09,0
2026-09-09 11:08:23,228.43,3.02,0
2026-09-09 11:09:23,226.33,3.12,0
2026-09-09 11:10:23,233.94,2.97,0
2026-09-09 11:11:23,227.24,2.75,0
2026-09-09 11:12:23,233.46,2.76,0
2026-09-09 11:13:23,229.63,2.89,0
2026-09-09 11:14:23,226.74,3.15,0
2026-09-09 11:15:23,228.05,3.29,0
2026-09-09 11:16:23,229.75,3.23,0
2026-09-09 11:17:23,230.55,3.13,0
2026-09-09 11:18:23,230.1,2.82,0
2026-09-09 11:19:23,230.52,3.04,0
2026-09-09 11:20:23,231.81,2.98,0
2026-09-09 11:21:23,226.85,2.75,0
2026-09-09 11:22:23,228.25,3.19,0
2026-09-09 11:23:23,227.03,2.84,0
2026-09-09 11:24:23,228.11,3.06,0
2026-09-09 11:25:23,233.1,2.8,0
2026-09-09 11:26:23,226.23,2.81,0
2026-09-09 11:27:23,230.39,2.8,0
2026-09-09 11:28:23,231.01,2.83,0
2026-09-09 11:29:23,229.21,2.83,0
2026-09-09 11:30:23,232.24,3.12,0
2026-09-09 11:31:23,233.89,2.99,0
2026-09-09 11:32:23,226.32,3.2,0
2026-09-09 11:33:23,229.35,2.74,0
2026-09-09 11:34:23,232.13,3.11,0
2026-09-09 11:35:23,226.26,3.11,0
2026-09-09 11:36:23,228.32,2.74,0
2026-09-09 11:37:23,228.09,2.88,0
2026-09-09 11:38:23,226.76,3.09,0
2026-09-09 11:39:23,228.34,2.95,0
2026-09-09 11:40:23,231.27,3.25,0
2026-09-09 11:41:23,232.06,2.86,0
2026-09-09 11:42:23,232.63,3.0,0
2026-09-09 11:43:23,228.86,0.17,1
2026-09-09 11:44:23,229.04,2.99,0
2026-09-09 11:45:23,228.14,2.92,0
2026-09-09 11:46:23,228.54,2.9,0
2026-09-09 11:47:23,233.4,2.81,0
2026-09-09 11:48:23,233.62,3.21,0
2026-09-09 11:49:23,231.52,2.89,0
2026-09-09 11:50:23,227.16,3.06,0
2026-09-09 11:51:23,226.97,2.99,0
2026-09-09 11:52:23,227.18,2.99,0
2026-09-09 11:53:23,231.58,3.0,0
2026-09-09 11:54:23,229.16,3.1,0
2026-09-09 11:55:23,229.38,2.85,0
2026-09-09 11:56:23,231.12,3.04,0
2026-09-09 11:57:23,228.99,3.04,0
2026-09-09 11:58:23,226.05,3.07,0
2026-09-09 11:59:23,228.05,2.84,0
2026-09-09 12:00:23,229.29,2.75,0
2026-09-09 12:01:23,231.16,2.83,0
2026-09-09 12:02:23,231.4,2.97,0
2026-09-09 12:03:23,229.65,3.07,0
2026-09-09 12:04:23,230.62,3.21,0
2026-09-09 12:05:23,231.73,3.03,0
2026-09-09 12:06:23,228.1,3.12,0
2026-09-09 12:07:23,231.96,3.0,0
2026-09-09 12:08:23,227.19,2.73,0
2026-09-09 12:09:23,230.8,2.8,0
2026-09-09 12:10:23,233.38,3.24,0
2026-09-09 12:11:23,226.33,3.27,0
2026-09-09 12:12:23,228.06,3.0,0
2026-09-09 12:13:23,229.23,2.78,0
2026-09-09 12:14:23,229.45,3.15,0
2026-09-09 12:15:23,232.21,3.14,0
2026-09-09 12:16:23,231.11,2.91,0
2026-09-09 12:17:23,231.69,3.08,0
2026-09-09 12:18:23,226.24,2.96,0
2026-09-09 12:19:23,233.09,3.24,0
2026-09-09 12:20:23,226.74,3.18,0
2026-09-09 12:21:23,228.54,3.09,0
2026-09-09 12:22:23,231.85,3.29,0
2026-09-09 12:23:23,232.16,3.22,0
2026-09-09 12:24:23,229.15,3.28,0
2026-09-09 12:25:23,229.28,3.14,0
2026-09-09 12:26:23,231.99,2.85,0
2026-09-09 12:27:23,229.0,3.19,0
2026-09-09 12:28:23,228.19,2.73,0
2026-09-09 12:29:23,232.4,2.89,0
2026-09-09 12:30:23,227.65,2.86,0
2026-09-09 12:31:23,227.49,2.93,0
2026-09-09 12:32:23,229.76,3.18,0
2026-09-09 12:33:23,229.2,3.13,0
2026-09-09 12:34:23,232.33,3.26,0
2026-09-09 12:35:23,230.98,2.91,0
2026-09-09 12:36:23,231.2,3.23,0
2026-09-09 12:37:23,231.83,2.97,0
2026-09-09 12:38:23,231.89,2.88,0
2026-09-09 12:39:23,228.67,3.02,0
2026-09-09 12:40:23,231.58,3.05,0
2026-09-09 12:41:23,227.01,2.84,0
2026-09-09 12:42:23,227.11,2.88,0
2026-09-09 12:43:23,231.74,3.12,0
2026-09-09 12:44:23,233.57,3.28,0
2026-09-09 12:45:23,233.92,3.13,0
2026-09-09 12:46:23,233.46,2.85,0
2026-09-09 12:47:23,229.04,3.04,0
2026-09-09 12:48:23,232.52,3.08,0
2026-09-09 12:49:23,228.07,2.97,0
2026-09-09 12:50:23,230.42,2.97,0
2026-09-09 12:51:23,231.94,3.22,0
2026-09-09 12:52:23,229.39,3.22,0
2026-09-09 12:53:23,230.27,3.26,0
2026-09-09 12:54:23,232.63,2.73,0
2026-09-09 12:55:23,232.52,3.08,0
2026-09-09 12:56:23,233.71,3.22,0
2026-09-09 12:57:23,230.88,3.15,0
2026-09-09 12:58:23,226.06,2.8,0
2026-09-09 12:59:23,233.48,2.75,0
2026-09-09 13:00:23,226.44,2.76,0
2026-09-09 13:01:23,229.09,2.97,0
2026-09-09 13:02:23,229.74,2.95,0
2026-09-09 13:03:23,226.82,2.73,0
2026-09-09 13:04:23,230.19,2.97,0
2026-09-09 13:05:23,233.87,2.92,0
2026-09-09 13:06:23,229.55,3.03,0
2026-09-09 13:07:23,233.05,3.2,0
2026-09-09 13:08:23,232.34,3.27,0
2026-09-09 13:09:23,230.65,3.09,0
2026-09-09 13:10:23,228.5,2.77,0
2026-09-09 13:11:23,229.41,3.1,0
2026-09-09 13:12:23,232.92,3.22,0
2026-09-09 13:13:23,233.11,2.75,0
2026-09-09 13:14:23,230.98,3.01,0
2026-09-09 13:15:23,232.28,3.02,0
2026-09-09 13:16:23,231.34,3.06,0
2026-09-09 13:17:23,232.8,2.72,0
2026-09-09 13:18:23,227.3,2.77,0
2026-09-09 13:19:23,230.2,2.9,0
2026-09-09 13:20:23,233.97,3.01,0
2026-09-09 13:21:23,230.95,2.72,0
2026-09-09 13:22:23,230.21,2.79,0
2026-09-09 13:23:23,228.48,3.15,0
2026-09-09 13:24:23,230.61,2.75,0
2026-09-09 13:25:23,232.07,3.19,0
2026-09-09 13:26:23,233.49,2.79,0
2026-09-09 13:27:23,231.1,3.24,0
2026-09-09 13:28:23,230.21,2.98,0
2026-09-09 13:29:23,227.91,3.14,0
2026-09-09 13:30:23,232.43,2.93,0
2026-09-09 13:31:23,226.21,2.95,0
2026-09-09 13:32:23,228.76,3.25,0
2026-09-09 13:33:23,231.91,2.84,0
2026-09-09 13:34:23,227.41,3.25,0
2026-09-09 13:35:23,230.42,3.15,0
2026-09-09 13:36:23,230.28,2.91,0
2026-09-09 13:37:23,228.14,3.12,0
2026-09-09 13:38:23,229.15,3.25,0
2026-09-09 13:39:23,231.64,2.86,0
2026-09-09 13:40:23,233.11,3.2,0
2026-09-09 13:41:23,232.35,3.22,0
2026-09-09 13:42:23,233.37,3.0,0
2026-09-09 13:43:23,232.71,3.21,0
2026-09-09 13:44:23,230.56,3.17,0
2026-09-09 13:45:23,228.24,3.1,0
2026-09-09 13:46:23,228.72,3.06,0
2026-09-09 13:47:23,227.25,3.06,0
2026-09-09 13:48:23,228.37,2.95,0
2026-09-09 13:49:23,226.66,2.89,0
2026-09-09 13:50:23,227.84,3.08,0
2026-09-09 13:51:23,231.31,3.1,0
2026-09-09 13:52:23,230.32,2.88,0
2026-09-09 13:53:23,226.9,3.26,0
2026-09-09 13:54:23,232.79,3.28,0
2026-09-09 13:55:23,231.91,3.17,0
2026-09-09 13:56:23,229.79,3.24,0
2026-09-09 13:57:23,233.26,3.18,0
2026-09-09 13:58:23,233.47,2.95,0
2026-09-09 13:59:23,228.86,3.08,0
2026-09-09 14:00:23,228.54,3.17,0
2026-09-09 14:01:23,230.43,3.17,0
2026-09-09 14:02:23,232.94,0.56,1
2026-09-09 14:03:23,228.45,3.0,0
2026-09-09 14:04:23,229.7,2.99,0
2026-09-09 14:05:23,232.28,2.73,0
2026-09-09 14:06:23,230.21,3.25,0
2026-09-09 14:07:23,232.35,2.81,0
2026-09-09 14:08:23,230.98,2.76,0
2026-09-09 14:09:23,230.0,3.22,0
2026-09-09 14:10:23,230.85,3.27,0
2026-09-09 14:11:23,230.62,3.15,0
2026-09-09 14:12:23,226.73,2.94,0
2026-09-09 14:13:23,226.12,3.05,0
2026-09-09 14:14:23,231.92,3.19,0
2026-09-09 14:15:23,231.98,3.01,0
2026-09-09 14:16:23,233.77,2.8,0
2026-09-09 14:17:23,228.83,3.29,0
2026-09-09 14:18:23,229.95,2.78,0
2026-09-09 14:19:23,228.98,2.75,0
2026-09-09 14:20:23,231.71,3.17,0
2026-09-09 14:21:23,229.16,3.26,0
2026-09-09 14:22:23,228.04,3.01,0
2026-09-09 14:23:23,233.12,2.74,0
2026-09-09 14:24:23,227.43,2.82,0
2026-09-09 14:25:23,231.37,3.2,0
2026-09-09 14:26:23,226.56,2.84,0
2026-09-09 14:27:23,226.6,3.08,0
2026-09-09 14:28:23,229.04,3.26,0
2026-09-09 14:29:23,232.52,3.1,0
2026-09-09 14:30:23,230.78,2.93,0
2026-09-09 14:31:23,233.71,3.02,0
2026-09-09 14:32:23,226.76,2.86,0
2026-09-09 14:33:23,226.08,3.3,0
2026-09-09 14:34:23,230.45,3.1,0
2026-09-09 14:35:23,229.03,3.26,0
2026-09-09 14:36:23,230.72,2.89,0
2026-09-09 14:37:23,230.77,3.09,0
2026-09-09 14:38:23,229.02,2.77,0
2026-09-09 14:39:23,230.22,2.83,0
2026-09-09 14:40:23,231.82,2.91,0
2026-09-09 14:41:23,226.55,2.72,0
2026-09-09 14:42:23,228.65,3.27,0
2026-09-09 14:43:23,233.64,3.03,0
2026-09-09 14:44:23,226.02,3.16,0
2026-09-09 14:45:23,232.07,2.84,0
2026-09-09 14:46:23,231.5,3.08,0
2026-09-09 14:47:23,231.45,3.07,0
2026-09-09 14:48:23,227.7,3.11,0
2026-09-09 14:49:23,231.06,2.71,0
2026-09-09 14:50:23,232.9,3.19,0
2026-09-09 14:51:23,229.29,2.73,0
2026-09-09 14:52:23,228.05,3.13,0
2026-09-09 14:53:23,232.45,2.76,0
2026-09-09 14:54:23,229.75,3.12,0
2026-09-09 14:55:23,227.16,3.23,0
2026-09-09 14:56:23,226.22,2.95,0
2026-09-09 14:57:23,227.89,3.19,0
2026-09-09 14:58:23,227.3,3.05,0
2026-09-09 14:59:23,232.52,2.94,0
2026-09-09 15:00:23,230.51,2.86,0
2026-09-09 15:01:23,231.05,3.06,0
2026-09-09 15:02:23,227.03,3.07,0
2026-09-09 15:03:23,230.17,3.27,0
2026-09-09 15:04:23,228.54,3.22,0
2026-09-09 15:05:23,228.49,2.91,0
2026-09-09 15:06:23,230.37,2.81,0
2026-09-09 15:07:23,226.74,2.97,0
2026-09-09 15:08:23,226.18,3.23,0
2026-09-09 15:09:23,229.21,2.96,0
2026-09-09 15:10:23,228.06,2.96,0
2026-09-09 15:11:23,226.22,3.03,0
2026-09-09 15:12:23,229.86,3.24,0
2026-09-09 15:13:23,231.63,3.07,0
2026-09-09 15:14:23,228.62,2.78,0
2026-09-09 15:15:23,228.97,2.82,0
2026-09-09 15:16:23,231.86,2.95,0
2026-09-09 15:17:23,226.76,3.08,0
2026-09-09 15:18:23,232.02,3.05,0
2026-09-09 15:19:23,228.23,3.09,0
2026-09-09 15:20:23,229.71,2.96,0
2026-09-09 15:21:23,229.02,3.06,0
2026-09-09 15:22:23,228.4,2.74,0
2026-09-09 15:23:23,228.03,3.15,0
2026-09-09 15:24:23,228.48,3.07,0
2026-09-09 15:25:23,232.84,2.99,0
2026-09-09 15:26:23,231.64,2.72,0
2026-09-09 15:27:23,228.97,2.75,0
2026-09-09 15:28:23,230.91,2.99,0
2026-09-09 15:29:23,231.89,2.88,0
2026-09-09 15:30:23,233.15,2.97,0
2026-09-09 15:31:23,231.29,2.76,0
2026-09-09 15:32:23,229.36,2.85,0
2026-09-09 15:33:23,227.62,2.96,0
2026-09-09 15:34:23,233.8,2.8,0
2026-09-09 15:35:23,233.16,2.86,0
2026-09-09 15:36:23,231.99,3.28,0
2026-09-09 15:37:23,226.69,3.24,0
2026-09-09 15:38:23,230.84,2.74,0
2026-09-09 15:39:23,233.74,2.94,0
2026-09-09 15:40:23,232.47,3.01,0
2026-09-09 15:41:23,229.14,2.81,0
2026-09-09 15:42:23,230.69,3.06,0
2026-09-09 15:43:23,229.75,3.26,0
2026-09-09 15:44:23,232.61,3.3,0
2026-09-09 15:45:23,229.16,3.23,0
2026-09-09 15:46:23,230.26,2.72,0
2026-09-09 15:47:23,227.06,2.99,0
2026-09-09 15:48:23,226.97,3.01,0
2026-09-09 15:49:23,228.77,3.13,0
2026-09-09 15:50:23,229.82,2.76,0
2026-09-09 15:51:23,232.91,3.2,0
2026-09-09 15:52:23,230.57,0.38,1
2026-09-09 15:53:23,227.8,2.94,0
2026-09-09 15:54:23,232.09,3.08,0
2026-09-09 15:55:23,227.07,3.15,0
2026-09-09 15:56:23,232.62,3.04,0
2026-09-09 15:57:23,226.84,3.09,0
2026-09-09 15:58:23,232.02,3.17,0
2026-09-09 15:59:23,227.91,3.3,0
2026-09-09 16:00:23,233.91,3.28,0
2026-09-09 16:01:23,232.91,3.19,0
2026-09-09 16:02:23,228.41,3.02,0
2026-09-09 16:03:23,230.72,3.17,0
2026-09-09 16:04:23,230.7,3.26,0
2026-09-09 16:05:23,227.94,3.09,0
2026-09-09 16:06:23,233.03,3.28,0
2026-09-09 16:07:23,233.73,2.86,0
2026-09-09 16:08:23,233.76,2.8,0
2026-09-09 16:09:23,229.71,2.87,0
2026-09-09 16:10:23,232.93,2.99,0
2026-09-09 16:11:23,228.51,3.09,0
2026-09-09 16:12:23,229.45,3.14,0
2026-09-09 16:13:23,226.7,3.29,0
2026-09-09 16:14:23,230.72,3.04,0
2026-09-09 16:15:23,232.82,3.18,0
2026-09-09 16:16:23,230.9,2.81,0
2026-09-09 16:17:23,231.67,3.25,0
2026-09-09 16:18:23,228.6,3.14,0
2026-09-09 16:19:23,230.97,2.7,0
2026-09-09 16:20:23,229.53,2.94,0
2026-09-09 16:21:23,230.71,3.04,0
2026-09-09 16:22:23,227.99,3.08,0
2026-09-09 16:23:23,226.38,3.11,0
2026-09-09 16:24:23,228.38,2.93,0
2026-09-09 16:25:23,232.94,2.75,0
2026-09-09 16:26:23,230.08,2.83,0
2026-09-09 16:27:23,230.08,2.96,0
2026-09-09 16:28:23,233.28,2.99,0
2026-09-09 16:29:23,229.44,3.14,0
2026-09-09 16:30:23,231.53,2.81,0
2026-09-09 16:31:23,228.45,3.21,0
2026-09-09 16:32:23,230.54,2.94,0
2026-09-09 16:33:23,226.97,2.76,0
2026-09-09 16:34:23,229.54,2.94,0
2026-09-09 16:35:23,231.16,3.1,0
2026-09-09 16:36:23,231.57,3.15,0
2026-09-09 16:37:23,229.74,3.03,0
2026-09-09 16:38:23,233.54,2.85,0
2026-09-09 16:39:23,232.39,2.94,0
2026-09-09 16:40:23,233.53,3.24,0
2026-09-09 16:41:23,228.46,3.3,0
2026-09-09 16:42:23,227.86,2.92,0
2026-09-09 16:43:23,228.32,2.73,0
2026-09-09 16:44:23,231.3,3.2,0
2026-09-09 16:45:23,226.97,3.07,0
2026-09-09 16:46:23,226.72,3.05,0
2026-09-09 16:47:23,227.21,3.12,0
2026-09-09 16:48:23,227.71,3.28,0
2026-09-09 16:49:23,226.68,3.17,0
2026-09-09 16:50:23,227.32,2.93,0
2026-09-09 16:51:23,233.3,2.88,0
2026-09-09 16:52:23,229.31,2.81,0
2026-09-09 16:53:23,231.3,3.29,0
2026-09-09 16:54:23,229.35,2.72,0
2026-09-09 16:55:23,229.63,3.06,0
2026-09-09 16:56:23,227.52,2.95,0
2026-09-09 16:57:23,229.21,2.72,0
2026-09-09 16:58:23,231.09,3.12,0
2026-09-09 16:59:23,228.02,3.0,0
2026-09-09 17:00:23,231.8,2.8,0
2026-09-09 17:01:23,230.01,2.77,0
2026-09-09 17:02:23,233.92,3.17,0
2026-09-09 17:03:23,229.69,2.81,0
2026-09-09 17:04:23,226.26,2.96,0
2026-09-09 17:05:23,231.27,3.13,0
2026-09-09 17:06:23,226.33,3.23,0
2026-09-09 17:07:23,228.78,3.05,0
2026-09-09 17:08:23,232.62,2.87,0
2026-09-09 17:09:23,228.73,2.92,0
2026-09-09 17:10:23,229.96,2.72,0
2026-09-09 17:11:23,233.81,3.27,0
2026-09-09 17:12:23,229.57,3.12,0
2026-09-09 17:13:23,229.98,2.9,0
2026-09-09 17:14:23,230.08,3.23,0
2026-09-09 17:15:23,228.2,2.77,0
2026-09-09 17:16:23,228.27,3.06,0
2026-09-09 17:17:23,230.08,3.08,0
2026-09-09 17:18:23,228.99,3.22,0
2026-09-09 17:19:23,230.64,2.75,0
2026-09-09 17:20:23,226.13,3.1,0
2026-09-09 17:21:23,228.78,3.15,0
2026-09-09 17:22:23,233.82,2.87,0
2026-09-09 17:23:23,229.99,3.19,0
2026-09-09 17:24:23,232.6,3.21,0
2026-09-09 17:25:23,230.82,2.97,0
2026-09-09 17:26:23,228.66,2.98,0
2026-09-09 17:27:23,233.66,3.17,0
2026-09-09 17:28:23,229.88,2.78,0
2026-09-09 17:29:23,226.35,3.29,0
2026-09-09 17:30:23,233.17,2.76,0
2026-09-09 17:31:23,232.3,3.01,0
2026-09-09 17:32:23,226.01,3.29,0
2026-09-09 17:33:23,233.69,3.27,0
2026-09-09 17:34:23,228.36,3.22,0
2026-09-09 17:35:23,226.3,3.23,0
2026-09-09 17:36:23,230.56,3.14,0
2026-09-09 17:37:23,233.3,2.71,0
2026-09-09 17:38:23,232.86,0.56,1
2026-09-09 17:39:23,226.41,2.73,0
2026-09-09 17:40:23,231.23,3.16,0
2026-09-09 17:41:23,229.92,2.76,0
2026-09-09 17:42:23,228.99,3.05,0
2026-09-09 17:43:23,226.95,2.88,0
2026-09-09 17:44:23,228.51,3.15,0
2026-09-09 17:45:23,232.3,2.81,0
2026-09-09 17:46:23,233.91,3.3,0
2026-09-09 17:47:23,231.34,3.09,0
2026-09-09 17:48:23,229.01,3.2,0
2026-09-09 17:49:23,228.61,3.19,0
2026-09-09 17:50:23,228.99,2.99,0
2026-09-09 17:51:23,227.55,2.84,0
2026-09-09 17:52:23,233.56,2.98,0
2026-09-09 17:53:23,229.12,3.03,0
2026-09-09 17:54:23,229.77,2.84,0
2026-09-09 17:55:23,231.48,2.76,0
2026-09-09 17:56:23,232.71,3.18,0
2026-09-09 17:57:23,232.55,3.0,0
2026-09-09 17:58:23,229.47,3.15,0
2026-09-09 17:59:23,228.92,2.98,0
2026-09-09 18:00:23,227.53,2.74,0
2026-09-09 18:01:23,231.8,3.06,0
2026-09-09 18:02:23,231.27,3.14,0
2026-09-09 18:03:23,230.77,2.82,0
2026-09-09 18:04:23,232.76,3.19,0
2026-09-09 18:05:23,228.36,3.25,0
2026-09-09 18:06:23,227.53,2.84,0
2026-09-09 18:07:23,227.02,2.74,0
2026-09-09 18:08:23,226.02,3.02,0
2026-09-09 18:09:23,231.17,2.81,0
2026-09-09 18:10:23,229.27,2.73,0
2026-09-09 18:11:23,227.3,2.9,0
2026-09-09 18:12:23,231.98,3.01,0
2026-09-09 18:13:23,226.18,2.88,0
2026-09-09 18:14:23,226.08,3.04,0
2026-09-09 18:15:23,233.93,2.83,0
2026-09-09 18:16:23,230.41,3.06,0
2026-09-09 18:17:23,228.24,3.11,0
2026-09-09 18:18:23,229.69,3.27,0
2026-09-09 18:19:23,231.76,2.89,0
2026-09-09 18:20:23,228.3,3.0,0
2026-09-09 18:21:23,232.32,2.93,0
2026-09-09 18:22:23,227.76,2.72,0
2026-09-09 18:23:23,232.36,3.08,0
2026-09-09 18:24:23,226.53,3.15,0
2026-09-09 18:25:23,231.83,3.22,0
2026-09-09 18:26:23,229.64,3.24,0
2026-09-09 18:27:23,232.73,2.76,0
2026-09-09 18:28:23,228.23,2.88,0
2026-09-09 18:29:23,230.15,2.82,0
2026-09-09 18:30:23,227.35,3.01,0
2026-09-09 18:31:23,233.71,2.76,0
2026-09-09 18:32:23,228.7,2.75,0
2026-09-09 18:33:23,232.15,2.72,0
2026-09-09 18:34:23,230.65,3.08,0
2026-09-09 18:35:23,232.02,2.82,0
2026-09-09 18:36:23,232.63,3.29,0
2026-09-09 18:37:23,230.76,3.15,0
2026-09-09 18:38:23,229.66,3.16,0
2026-09-09 18:39:23,231.06,3.26,0
2026-09-09 18:40:23,228.72,3.04,0
2026-09-09 18:41:23,227.27,2.86,0
2026-09-09 18:42:23,226.72,3.15,0
2026-09-09 18:43:23,227.9,3.05,0
2026-09-09 18:44:23,227.2,3.25,0
2026-09-09 18:45:23,229.07,2.99,0
2026-09-09 18:46:23,227.95,2.85,0
2026-09-09 18:47:23,231.38,2.9,0
2026-09-09 18:48:23,233.38,3.17,0
2026-09-09 18:49:23,231.2,3.26,0
2026-09-09 18:50:23,231.63,3.13,0
2026-09-09 18:51:23,230.0,2.91,0
2026-09-09 18:52:23,233.56,2.71,0
2026-09-09 18:53:23,231.43,3.07,0
2026-09-09 18:54:23,233.62,3.09,0
2026-09-09 18:55:23,232.42,2.78,0
2026-09-09 18:56:23,230.7,2.84,0
2026-09-09 18:57:23,228.64,3.23,0
2026-09-09 18:58:23,233.12,3.07,0
2026-09-09 18:59:23,230.91,2.9,0
2026-09-09 19:00:23,226.29,3.22,0
2026-09-09 19:01:23,231.79,3.1,0
2026-09-09 19:02:23,228.61,3.21,0
2026-09-09 19:03:23,229.04,3.04,0
2026-09-09 19:04:23,233.96,3.18,0
2026-09-09 19:05:23,227.51,2.91,0
2026-09-09 19:06:23,230.41,2.72,0
2026-09-09 19:07:23,227.73,2.71,0
2026-09-09 19:08:23,231.47,3.08,0
2026-09-09 19:09:23,227.01,3.19,0
2026-09-09 19:10:23,226.57,2.86,0
2026-09-09 19:11:23,226.54,2.74,0
2026-09-09 19:12:23,232.68,3.05,0
2026-09-09 19:13:23,228.93,3.23,0
2026-09-09 19:14:23,226.48,3.02,0
2026-09-09 19:15:23,227.03,2.98,0
2026-09-09 19:16:23,232.49,2.93,0
2026-09-09 19:17:23,227.92,3.26,0
2026-09-09 19:18:23,227.84,3.03,0
2026-09-09 19:19:23,233.0,2.78,0
2026-09-09 19:20:23,233.98,2.87,0
2026-09-09 19:21:23,228.77,2.84,0
2026-09-09 19:22:23,229.95,3.28,0
2026-09-09 19:23:23,230.01,2.79,0
2026-09-09 19:24:23,226.93,2.9,0
2026-09-09 19:25:23,226.68,2.74,0
2026-09-09 19:26:23,230.01,3.1,0
2026-09-09 19:27:23,227.99,2.8,0
2026-09-09 19:28:23,229.11,3.0,0
2026-09-09 19:29:23,230.06,2.73,0
2026-09-09 19:30:23,227.98,3.24,0
2026-09-09 19:31:23,227.6,2.76,0
2026-09-09 19:32:23,226.22,2.76,0
2026-09-09 19:33:23,230.66,2.9,0
2026-09-09 19:34:23,231.68,2.76,0
2026-09-09 19:35:23,228.31,3.07,0
2026-09-09 19:36:23,229.06,2.97,0
2026-09-09 19:37:23,227.91,2.84,0
2026-09-09 19:38:23,231.86,2.76,0
2026-09-09 19:39:23,229.65,3.21,0
2026-09-09 19:40:23,227.13,3.23,0
2026-09-09 19:41:23,230.59,2.96,0
2026-09-09 19:42:23,228.86,3.14,0
2026-09-09 19:43:23,230.34,2.82,0
2026-09-09 19:44:23,226.21,3.06,0
2026-09-09 19:45:23,227.87,2.92,0
2026-09-09 19:46:23,230.67,2.79,0
2026-09-09 19:47:23,228.36,3.0,0
2026-09-09 19:48:23,229.62,3.19,0
2026-09-09 19:49:23,233.08,2.71,0
2026-09-09 19:50:23,233.64,2.72,0
2026-09-09 19:51:23,226.1,2.93,0
2026-09-09 19:52:23,230.95,3.04,0
2026-09-09 19:53:23,228.37,3.08,0
2026-09-09 19:54:23,228.05,2.73,0
2026-09-09 19:55:23,228.25,3.28,0
2026-09-09 19:56:23,232.2,3.28,0
2026-09-09 19:57:23,227.45,3.06,0
2026-09-09 19:58:23,226.35,3.18,0
2026-09-09 19:59:23,229.04,3.22,0
2026-09-09 20:00:23,229.17,3.23,0
2026-09-09 20:01:23,230.04,3.02,0
2026-09-09 20:02:23,229.3,3.2,0
2026-09-09 20:03:23,229.05,3.18,0
2026-09-09 20:04:23,230.57,3.28,0
2026-09-09 20:05:23,233.07,2.92,0
2026-09-09 20:06:23,232.13,2.8,0
2026-09-09 20:07:23,233.52,3.12,0
2026-09-09 20:08:23,233.13,2.83,0
2026-09-09 20:09:23,233.55,3.25,0
2026-09-09 20:10:23,227.73,3.02,0
2026-09-09 20:11:23,229.51,3.26,0
2026-09-09 20:12:23,227.74,3.09,0
2026-09-09 20:13:23,230.52,2.82,0
2026-09-09 20:14:23,230.27,2.86,0
2026-09-09 20:15:23,227.51,2.85,0
2026-09-09 20:16:23,227.07,2.79,0
2026-09-09 20:17:23,229.73,3.05,0
2026-09-09 20:18:23,231.81,2.84,0
2026-09-09 20:19:23,229.67,3.14,0
2026-09-09 20:20:23,226.69,3.02,0
2026-09-09 20:21:23,233.03,2.79,0
2026-09-09 20:22:23,233.84,2.89,0
2026-09-09 20:23:23,226.85,2.73,0
2026-09-09 20:24:23,232.49,2.78,0
2026-09-09 20:25:23,233.49,2.85,0
2026-09-09 20:26:23,228.28,3.26,0
2026-09-09 20:27:23,228.11,3.06,0
2026-09-09 20:28:23,231.62,3.24,0
2026-09-09 20:29:23,231.98,3.1,0
2026-09-09 20:30:23,226.19,3.17,0
2026-09-09 20:31:23,231.18,2.79,0
2026-09-09 20:32:23,227.31,3.07,0
2026-09-09 20:33:23,232.41,3.06,0
2026-09-09 20:34:23,228.12,3.17,0
2026-09-09 20:35:23,231.35,2.92,0
2026-09-09 20:36:23,233.27,2.85,0
2026-09-09 20:37:23,230.7,3.15,0
2026-09-09 20:38:23,227.67,3.13,0
2026-09-09 20:39:23,232.07,3.12,0
2026-09-09 20:40:23,231.76,3.25,0
2026-09-09 20:41:23,226.58,3.22,0
2026-09-09 20:42:23,230.73,3.05,0
2026-09-09 20:43:23,230.83,2.93,0
2026-09-09 20:44:23,232.56,2.86,0
2026-09-09 20:45:23,233.54,3.05,0
2026-09-09 20:46:23,228.91,2.86,0
2026-09-09 20:47:23,232.63,2.88,0
2026-09-09 20:48:23,232.74,3.22,0
2026-09-09 20:49:23,231.28,2.94,0
2026-09-09 20:50:23,229.05,2.82,0
2026-09-09 20:51:23,231.8,3.0,0
2026-09-09 20:52:23,230.78,2.8,0
2026-09-09 20:53:23,232.93,2.86,0
2026-09-09 20:54:23,232.62,3.05,0
2026-09-09 20:55:23,226.4,3.3,0
2026-09-09 20:56:23,230.65,2.88,0
2026-09-09 20:57:23,226.14,3.21,0
2026-09-09 20:58:23,229.66,2.9,0
2026-09-09 20:59:23,231.3,3.28,0
2026-09-09 21:00:23,227.9,3.13,0
2026-09-09 21:01:23,231.37,3.23,0
2026-09-09 21:02:23,227.89,2.94,0
2026-09-09 21:03:23,233.8,2.72,0
2026-09-09 21:04:23,230.16,0.39,1
2026-09-09 21:05:23,229.42,2.76,0
2026-09-09 21:06:23,231.58,3.3,0
2026-09-09 21:07:23,233.03,3.0,0
2026-09-09 21:08:23,229.61,3.15,0
2026-09-09 21:09:23,230.04,2.94,0
2026-09-09 21:10:23,233.67,2.99,0
2026-09-09 21:11:23,232.09,2.83,0
2026-09-09 21:12:23,230.93,3.16,0
2026-09-09 21:13:23,229.27,3.08,0
2026-09-09 21:14:23,229.35,2.93,0
2026-09-09 21:15:23,227.57,2.82,0
2026-09-09 21:16:23,230.04,3.07,0
2026-09-09 21:17:23,226.89,2.89,0
2026-09-09 21:18:23,227.25,3.0,0
2026-09-09 21:19:23,233.29,3.14,0
2026-09-09 21:20:23,232.71,3.2,0
2026-09-09 21:21:23,233.6,2.73,0
2026-09-09 21:22:23,230.28,3.28,0
2026-09-09 21:23:23,232.15,2.88,0
2026-09-09 21:24:23,226.4,2.72,0
2026-09-09 21:25:23,228.38,2.85,0
2026-09-09 21:26:23,229.22,3.08,0
2026-09-09 21:27:23,229.62,2.99,0
2026-09-09 21:28:23,231.27,3.21,0
2026-09-09 21:29:23,232.82,2.86,0
2026-09-09 21:30:23,233.24,3.01,0
2026-09-09 21:31:23,228.55,3.23,0
2026-09-09 21:32:23,229.36,2.84,0
2026-09-09 21:33:23,228.55,3.09,0
2026-09-09 21:34:23,228.12,2.89,0
2026-09-09 21:35:23,231.26,3.09,0
2026-09-09 21:36:23,229.96,3.09,0
2026-09-09 21:37:23,231.38,3.23,0
2026-09-09 21:38:23,226.12,3.13,0
2026-09-09 21:39:23,229.27,3.15,0
2026-09-09 21:40:23,227.52,3.13,0
2026-09-09 21:41:23,233.07,2.78,0
2026-09-09 21:42:23,226.27,3.29,0
2026-09-09 21:43:23,233.74,3.29,0
2026-09-09 21:44:23,226.24,3.2,0
2026-09-09 21:45:23,233.2,3.05,0
2026-09-09 21:46:23,230.7,3.02,0
2026-09-09 21:47:23,232.94,3.01,0
2026-09-09 21:48:23,231.56,3.2,0
2026-09-09 21:49:23,232.02,3.15,0
2026-09-09 21:50:23,228.82,3.05,0
2026-09-09 21:51:23,228.84,2.95,0
2026-09-09 21:52:23,232.73,3.2,0
2026-09-09 21:53:23,226.51,3.24,0
2026-09-09 21:54:23,233.31,3.13,0
2026-09-09 21:55:23,231.85,3.0,0
2026-09-09 21:56:23,229.39,3.11,0
2026-09-09 21:57:23,226.65,3.24,0
2026-09-09 21:58:23,228.84,3.14,0
2026-09-09 21:59:23,229.88,3.3,0
2026-09-09 22:00:23,231.07,3.15,0
2026-09-09 22:01:23,228.2,3.25,0
2026-09-09 22:02:23,230.82,3.01,0
2026-09-09 22:03:23,228.26,0.43,1
2026-09-09 22:04:23,232.6,2.75,0
2026-09-09 22:05:23,232.99,2.86,0
2026-09-09 22:06:23,230.42,2.97,0
2026-09-09 22:07:23,228.02,3.16,0
2026-09-09 22:08:23,228.0,3.26,0
2026-09-09 22:09:23,229.34,3.06,0
2026-09-09 22:10:23,231.82,3.04,0
2026-09-09 22:11:23,233.65,3.14,0
2026-09-09 22:12:23,232.1,3.22,0
2026-09-09 22:13:23,230.85,3.11,0
2026-09-09 22:14:23,233.38,3.05,0
2026-09-09 22:15:23,233.27,3.22,0
2026-09-09 22:16:23,227.45,3.28,0
2026-09-09 22:17:23,231.29,2.73,0
2026-09-09 22:18:23,232.71,3.29,0
2026-09-09 22:19:23,226.45,3.27,0
2026-09-09 22:20:23,233.32,2.73,0
2026-09-09 22:21:23,227.14,2.85,0
2026-09-09 22:22:23,226.07,3.27,0
2026-09-09 22:23:23,227.6,2.86,0
2026-09-09 22:24:23,226.51,3.26,0
2026-09-09 22:25:23,233.62,2.95,0
2026-09-09 22:26:23,233.36,2.85,0
2026-09-09 22:27:23,232.03,2.83,0
2026-09-09 22:28:23,227.14,3.1,0
2026-09-09 22:29:23,230.11,3.11,0
2026-09-09 22:30:23,233.71,3.26,0
2026-09-09 22:31:23,232.87,3.22,0
2026-09-09 22:32:23,226.82,3.27,0
2026-09-09 22:33:23,226.63,2.75,0
2026-09-09 22:34:23,226.17,2.84,0
2026-09-09 22:35:23,233.34,2.83,0
2026-09-09 22:36:23,228.09,3.11,0
2026-09-09 22:37:23,227.13,2.95,0
2026-09-09 22:38:23,227.79,3.23,0
2026-09-09 22:39:23,230.09,3.05,0
2026-09-09 22:40:23,229.57,3.01,0
2026-09-09 22:41:23,228.21,2.79,0
2026-09-09 22:42:23,232.04,2.74,0
2026-09-09 22:43:23,226.62,3.28,0
2026-09-09 22:44:23,226.48,2.79,0
2026-09-09 22:45:23,228.45,2.81,0
2026-09-09 22:46:23,227.62,2.8,0
2026-09-09 22:47:23,233.87,3.07,0
2026-09-09 22:48:23,230.4,3.08,0
2026-09-09 22:49:23,233.99,3.26,0
2026-09-09 22:50:23,227.13,2.73,0
2026-09-09 22:51:23,229.53,3.29,0
2026-09-09 22:52:23,226.07,3.2,0
2026-09-09 22:53:23,233.78,2.72,0
2026-09-09 22:54:23,233.41,3.18,0
2026-09-09 22:55:23,230.32,3.16,0
2026-09-09 22:56:23,231.57,2.76,0
2026-09-09 22:57:23,227.12,2.92,0
2026-09-09 22:58:23,232.8,3.12,0
2026-09-09 22:59:23,226.81,2.84,0
2026-09-09 23:00:23,231.08,2.85,0
2026-09-09 23:01:23,231.35,2.98,0
2026-09-09 23:02:23,231.22,3.13,0
2026-09-09 23:03:23,233.42,2.83,0
2026-09-09 23:04:23,229.98,2.77,0
2026-09-09 23:05:23,231.42,3.23,0
2026-09-09 23:06:23,232.09,2.96,0
2026-09-09 23:07:23,226.92,3.22,0
2026-09-09 23:08:23,232.81,3.1,0
2026-09-09 23:09:23,232.79,2.8,0
2026-09-09 23:10:23,227.96,2.79,0
2026-09-09 23:11:23,229.82,3.24,0
2026-09-09 23:12:23,230.82,2.74,0
2026-09-09 23:13:23,229.01,2.72,0
2026-09-09 23:14:23,226.18,2.73,0
2026-09-09 23:15:23,230.25,3.24,0
2026-09-09 23:16:23,230.11,2.77,0
2026-09-09 23:17:23,233.85,3.01,0
2026-09-09 23:18:23,226.09,3.3,0
2026-09-09 23:19:23,228.02,3.19,0
2026-09-09 23:20:23,233.58,3.14,0
2026-09-09 23:21:23,233.86,2.93,0
2026-09-09 23:22:23,230.49,2.82,0
2026-09-09 23:23:23,231.33,2.95,0
2026-09-09 23:24:23,229.85,2.89,0
2026-09-09 23:25:23,229.4,3.29,0
2026-09-09 23:26:23,230.17,2.87,0
2026-09-09 23:27:23,232.83,3.29,0
2026-09-09 23:28:23,232.74,3.21,0
2026-09-09 23:29:23,232.94,3.08,0
2026-09-09 23:30:23,227.77,3.27,0
2026-09-09 23:31:23,233.96,3.19,0
2026-09-09 23:32:23,232.81,2.88,0
2026-09-09 23:33:23,226.53,2.76,0
2026-09-09 23:34:23,229.59,3.09,0
2026-09-09 23:35:23,227.94,3.23,0
2026-09-09 23:36:23,232.39,3.28,0
2026-09-09 23:37:23,231.39,3.27,0
2026-09-09 23:38:23,231.09,3.13,0
2026-09-09 23:39:23,231.38,2.96,0
2026-09-09 23:40:23,227.52,3.02,0
2026-09-09 23:41:23,230.12,2.83,0
2026-09-09 23:42:23,230.83,2.73,0
2026-09-09 23:43:23,226.98,3.17,0
2026-09-09 23:44:23,227.67,2.86,0
2026-09-09 23:45:23,231.08,3.16,0
2026-09-09 23:46:23,233.02,3.09,0
2026-09-09 23:47:23,230.34,3.04,0
2026-09-09 23:48:23,228.34,2.83,0
2026-09-09 23:49:23,226.6,3.06,0
2026-09-09 23:50:23,231.01,2.9,0
2026-09-09 23:51:23,228.64,3.29,0
2026-09-09 23:52:23,229.8,3.07,0
2026-09-09 23:53:23,228.73,2.85,0
2026-09-09 23:54:23,228.95,2.94,0
2026-09-09 23:55:23,227.31,3.09,0
2026-09-09 23:56:23,227.35,2.89,0
2026-09-09 23:57:23,230.07,3.26,0
2026-09-09 23:58:23,231.91,3.06,0
2026-09-09 23:59:23,231.3,2.78,0
2026-09-10 00:00:23,226.55,2.74,0
2026-09-10 00:01:23,228.08,2.7,0
2026-09-10 00:02:23,232.74,3.21,0
2026-09-10 00:03:23,232.52,2.83,0
2026-09-10 00:04:23,227.53,3.25,0
2026-09-10 00:05:23,227.19,3.28,0
2026-09-10 00:06:23,226.42,2.98,0
2026-09-10 00:07:23,227.27,3.14,0
2026-09-10 00:08:23,227.78,3.26,0
2026-09-10 00:09:23,227.25,2.89,0
2026-09-10 00:10:23,229.83,3.16,0
2026-09-10 00:11:23,233.36,2.89,0
2026-09-10 00:12:23,232.18,2.9,0
2026-09-10 00:13:23,229.69,3.13,0
2026-09-10 00:14:23,231.57,3.18,0
2026-09-10 00:15:23,229.54,2.74,0
2026-09-10 00:16:23,229.42,2.93,0
2026-09-10 00:17:23,233.7,3.2,0
2026-09-10 00:18:23,232.33,3.15,0
2026-09-10 00:19:23,227.03,3.04,0
2026-09-10 00:20:23,227.18,3.11,0
2026-09-10 00:21:23,233.59,3.27,0
2026-09-10 00:22:23,227.46,2.74,0
2026-09-10 00:23:23,233.38,3.02,0
2026-09-10 00:24:23,231.26,2.96,0
2026-09-10 00:25:23,231.62,2.79,0
2026-09-10 00:26:23,229.74,3.07,0
2026-09-10 00:27:23,227.36,2.87,0
2026-09-10 00:28:23,233.87,0.29,1
2026-09-10 00:29:23,232.02,3.18,0
2026-09-10 00:30:23,231.84,3.04,0
2026-09-10 00:31:23,231.72,3.06,0
2026-09-10 00:32:23,226.24,2.98,0
2026-09-10 00:33:23,233.46,3.13,0
2026-09-10 00:34:23,231.61,2.72,0
2026-09-10 00:35:23,227.19,3.25,0
2026-09-10 00:36:23,229.01,3.13,0
2026-09-10 00:37:23,233.75,2.74,0
2026-09-10 00:38:23,232.73,2.95,0
2026-09-10 00:39:23,230.04,3.24,0
2026-09-10 00:40:23,228.51,3.24,0
2026-09-10 00:41:23,231.25,3.13,0
2026-09-10 00:42:23,226.96,2.7,0
2026-09-10 00:43:23,232.99,3.27,0
2026-09-10 00:44:23,230.42,3.26,0
2026-09-10 00:45:23,232.9,2.99,0
2026-09-10 00:46:23,230.45,3.18,0
2026-09-10 00:47:23,230.14,3.11,0
2026-09-10 00:48:23,227.0,3.28,0
2026-09-10 00:49:23,230.53,3.19,0
2026-09-10 00:50:23,233.0,2.81,0
2026-09-10 00:51:23,226.46,3.06,0
2026-09-10 00:52:23,229.17,2.96,0
2026-09-10 00:53:23,229.29,2.89,0
2026-09-10 00:54:23,227.03,3.27,0
2026-09-10 00:55:23,226.34,2.72,0
2026-09-10 00:56:23,228.25,2.79,0
2026-09-10 00:57:23,230.61,3.26,0
2026-09-10 00:58:23,227.27,2.92,0
2026-09-10 00:59:23,228.83,3.23,0
2026-09-10 01:00:23,232.37,3.0,0
2026-09-10 01:01:23,233.65,3.06,0
2026-09-10 01:02:23,232.42,2.9,0
2026-09-10 01:03:23,233.82,3.25,0
2026-09-10 01:04:23,228.27,3.27,0
2026-09-10 01:05:23,232.26,3.23,0
2026-09-10 01:06:23,227.67,3.03,0
2026-09-10 01:07:23,229.05,2.8,0
2026-09-10 01:08:23,229.11,2.86,0
2026-09-10 01:09:23,228.29,3.28,0
2026-09-10 01:10:23,228.89,3.0,0
2026-09-10 01:11:23,232.49,2.95,0
2026-09-10 01:12:23,228.91,3.22,0
2026-09-10 01:13:23,228.97,3.28,0
2026-09-10 01:14:23,228.97,3.03,0
2026-09-10 01:15:23,228.89,3.24,0
2026-09-10 01:16:23,229.12,3.2,0
2026-09-10 01:17:23,231.77,3.27,0
2026-09-10 01:18:23,230.15,2.75,0
2026-09-10 01:19:23,228.85,2.81,0
2026-09-10 01:20:23,226.63,2.76,0
2026-09-10 01:21:23,227.08,2.98,0
2026-09-10 01:22:23,229.28,2.95,0
2026-09-10 01:23:23,232.27,2.88,0
2026-09-10 01:24:23,229.22,3.08,0
2026-09-10 01:25:23,226.94,2.86,0
2026-09-10 01:26:23,227.39,3.01,0
2026-09-10 01:27:23,226.19,2.75,0
2026-09-10 01:28:23,231.83,2.96,0
2026-09-10 01:29:23,228.8,2.96,0
2026-09-10 01:30:23,233.77,3.22,0
2026-09-10 01:31:23,228.85,3.29,0
2026-09-10 01:32:23,226.0,2.81,0
2026-09-10 01:33:23,231.6,2.97,0
2026-09-10 01:34:23,231.08,3.3,0
2026-09-10 01:35:23,227.57,2.83,0
2026-09-10 01:36:23,233.41,2.9,0
2026-09-10 01:37:23,232.94,2.9,0
2026-09-10 01:38:23,226.78,2.74,0
2026-09-10 01:39:23,233.41,2.87,0
2026-09-10 01:40:23,227.89,2.79,0
2026-09-10 01:41:23,232.09,3.24,0
2026-09-10 01:42:23,227.54,0.19,1
2026-09-10 01:43:23,229.09,2.82,0
2026-09-10 01:44:23,229.63,3.21,0
2026-09-10 01:45:23,232.04,2.78,0
2026-09-10 01:46:23,229.55,2.75,0
2026-09-10 01:47:23,233.77,2.8,0
2026-09-10 01:48:23,226.03,2.96,0
2026-09-10 01:49:23,231.73,3.17,0
2026-09-10 01:50:23,229.48,2.86,0
2026-09-10 01:51:23,226.8,2.99,0
2026-09-10 01:52:23,233.65,3.24,0
2026-09-10 01:53:23,226.08,2.96,0
2026-09-10 01:54:23,232.29,3.26,0
2026-09-10 01:55:23,227.4,2.78,0
2026-09-10 01:56:23,229.87,3.19,0
2026-09-10 01:57:23,232.5,3.1,0
2026-09-10 01:58:23,229.19,2.74,0
2026-09-10 01:59:23,229.74,2.82,0
2026-09-10 02:00:23,232.64,3.23,0
2026-09-10 02:01:23,227.38,2.75,0
2026-09-10 02:02:23,227.47,2.92,0
2026-09-10 02:03:23,230.44,3.07,0
2026-09-10 02:04:23,231.35,3.03,0
2026-09-10 02:05:23,232.51,2.74,0
2026-09-10 02:06:23,226.86,2.83,0
2026-09-10 02:07:23,231.44,2.95,0
2026-09-10 02:08:23,232.15,3.05,0
2026-09-10 02:09:23,228.45,2.84,0
2026-09-10 02:10:23,226.67,3.09,0
2026-09-10 02:11:23,228.58,2.71,0
2026-09-10 02:12:23,232.38,2.71,0
2026-09-10 02:13:23,231.84,3.28,0
2026-09-10 02:14:23,232.59,2.76,0
2026-09-10 02:15:23,233.18,3.19,0
2026-09-10 02:16:23,233.37,3.18,0
2026-09-10 02:17:23,231.27,3.09,0
2026-09-10 02:18:23,228.95,3.15,0
2026-09-10 02:19:23,233.94,3.0,0
2026-09-10 02:20:23,233.07,2.97,0
2026-09-10 02:21:23,230.65,3.12,0
2026-09-10 02:22:23,227.9,3.19,0
2026-09-10 02:23:23,227.8,2.84,0
2026-09-10 02:24:23,233.38,2.94,0
2026-09-10 02:25:23,230.71,2.95,0
2026-09-10 02:26:23,233.42,2.81,0
2026-09-10 02:27:23,227.18,2.97,0
2026-09-10 02:28:23,228.17,3.3,0
2026-09-10 02:29:23,231.63,3.26,0
2026-09-10 02:30:23,226.39,2.89,0
2026-09-10 02:31:23,230.93,2.89,0
2026-09-10 02:32:23,232.95,2.82,0
2026-09-10 02:33:23,226.08,3.28,0
2026-09-10 02:34:23,231.52,2.96,0
2026-09-10 02:35:23,232.52,2.83,0
2026-09-10 02:36:23,230.97,3.11,0
2026-09-10 02:37:23,230.84,2.87,0
2026-09-10 02:38:23,228.55,2.89,0
2026-09-10 02:39:23,226.11,3.11,0
2026-09-10 02:40:23,230.16,3.11,0
2026-09-10 02:41:23,229.27,2.73,0
2026-09-10 02:42:23,226.46,3.13,0
2026-09-10 02:43:23,227.58,3.05,0
2026-09-10 02:44:23,227.9,3.01,0
2026-09-10 02:45:23,228.91,2.98,0
2026-09-10 02:46:23,230.29,2.9,0
2026-09-10 02:47:23,230.74,3.21,0
2026-09-10 02:48:23,230.03,2.77,0
2026-09-10 02:49:23,232.05,2.78,0
2026-09-10 02:50:23,233.9,2.71,0
2026-09-10 02:51:23,230.59,3.11,0
2026-09-10 02:52:23,228.22,3.28,0
2026-09-10 02:53:23,229.54,3.26,0
2026-09-10 02:54:23,227.42,2.9,0
2026-09-10 02:55:23,230.94,3.25,0
2026-09-10 02:56:23,232.79,2.89,0
2026-09-10 02:57:23,232.39,2.81,0
2026-09-10 02:58:23,230.56,2.89,0
2026-09-10 02:59:23,230.03,3.2,0
2026-09-10 03:00:23,228.7,3.23,0
2026-09-10 03:01:23,228.39,2.96,0
2026-09-10 03:02:23,230.53,3.14,0
2026-09-10 03:03:23,233.73,3.11,0
2026-09-10 03:04:23,231.03,3.23,0
2026-09-10 03:05:23,227.68,2.92,0
2026-09-10 03:06:23,231.51,2.87,0
2026-09-10 03:07:23,232.2,3.08,0
2026-09-10 03:08:23,227.49,3.29,0
2026-09-10 03:09:23,231.0,3.18,0
2026-09-10 03:10:23,232.82,3.24,0
2026-09-10 03:11:23,228.8,3.0,0
2026-09-10 03:12:23,232.65,2.93,0
2026-09-10 03:13:23,230.54,3.05,0
2026-09-10 03:14:23,233.65,2.93,0
2026-09-10 03:15:23,229.89,3.01,0
2026-09-10 03:16:23,230.32,3.07,0
2026-09-10 03:17:23,229.67,3.13,0
2026-09-10 03:18:23,232.26,2.86,0
2026-09-10 03:19:23,230.68,2.99,0
2026-09-10 03:20:23,232.77,3.06,0
2026-09-10 03:21:23,233.23,2.82,0
2026-09-10 03:22:23,233.56,2.78,0
2026-09-10 03:23:23,231.94,2.96,0
2026-09-10 03:24:23,228.09,3.14,0
2026-09-10 03:25:23,231.72,3.21,0
2026-09-10 03:26:23,231.71,3.29,0
2026-09-10 03:27:23,231.03,2.91,0
2026-09-10 03:28:23,227.62,2.85,0
2026-09-10 03:29:23,228.8,3.02,0
2026-09-10 03:30:23,230.96,3.26,0
2026-09-10 03:31:23,229.68,3.2,0
2026-09-10 03:32:23,233.06,3.26,0
2026-09-10 03:33:23,229.45,3.07,0
2026-09-10 03:34:23,226.45,2.74,0
2026-09-10 03:35:23,227.89,3.0,0
2026-09-10 03:36:23,233.24,3.06,0
2026-09-10 03:37:23,231.54,2.86,0
2026-09-10 03:38:23,226.86,2.73,0
2026-09-10 03:39:23,232.96,2.73,0
2026-09-10 03:40:23,227.77,3.16,0
2026-09-10 03:41:23,230.66,2.75,0
2026-09-10 03:42:23,233.12,3.18,0
2026-09-10 03:43:23,231.64,3.12,0
2026-09-10 03:44:23,226.97,2.9,0
2026-09-10 03:45:23,233.61,3.03,0
2026-09-10 03:46:23,233.44,2.95,0
2026-09-10 03:47:23,229.67,2.89,0
2026-09-10 03:48:23,226.11,3.3,0
2026-09-10 03:49:23,229.98,2.86,0
2026-09-10 03:50:23,226.69,2.76,0
2026-09-10 03:51:23,231.46,3.1,0
2026-09-10 03:52:23,229.9,2.73,0
2026-09-10 03:53:23,226.5,2.95,0
2026-09-10 03:54:23,233.47,2.8,0
2026-09-10 03:55:23,229.49,3.0,0
2026-09-10 03:56:23,231.6,2.71,0
2026-09-10 03:57:23,229.63,3.13,0
2026-09-10 03:58:23,232.27,2.85,0
2026-09-10 03:59:23,229.89,3.08,0
2026-09-10 04:00:23,229.05,3.13,0
2026-09-10 04:01:23,232.36,3.14,0
2026-09-10 04:02:23,226.59,2.77,0
2026-09-10 04:03:23,230.09,2.78,0
2026-09-10 04:04:23,230.88,2.72,0
2026-09-10 04:05:23,229.16,2.73,0
2026-09-10 04:06:23,233.27,3.0,0
2026-09-10 04:07:23,230.3,2.78,0
2026-09-10 04:08:23,233.15,2.73,0
2026-09-10 04:09:23,230.4,3.11,0
2026-09-10 04:10:23,232.46,3.14,0
2026-09-10 04:11:23,232.28,3.07,0
2026-09-10 04:12:23,232.62,3.07,0
2026-09-10 04:13:23,232.61,2.85,0
2026-09-10 04:14:23,231.28,3.04,0
2026-09-10 04:15:23,232.13,2.86,0
2026-09-10 04:16:23,230.17,3.2,0
2026-09-10 04:17:23,228.04,2.91,0
2026-09-10 04:18:23,229.89,2.96,0
2026-09-10 04:19:23,226.56,3.18,0
2026-09-10 04:20:23,229.77,3.08,0
2026-09-10 04:21:23,233.07,3.01,0
2026-09-10 04:22:23,232.71,2.86,0
2026-09-10 04:23:23,230.49,2.83,0
2026-09-10 04:24:23,227.73,3.05,0
2026-09-10 04:25:23,227.19,2.92,0
2026-09-10 04:26:23,233.76,3.18,0
2026-09-10 04:27:23,228.66,3.2,0
2026-09-10 04:28:23,226.52,3.2,0
2026-09-10 04:29:23,233.44,2.76,0
2026-09-10 04:30:23,229.17,2.7,0
2026-09-10 04:31:23,226.94,2.93,0
2026-09-10 04:32:23,231.92,2.81,0
2026-09-10 04:33:23,232.51,3.12,0
2026-09-10 04:34:23,227.88,3.0,0
2026-09-10 04:35:23,232.11,3.25,0
2026-09-10 04:36:23,230.15,2.72,0
2026-09-10 04:37:23,233.66,2.97,0
2026-09-10 04:38:23,227.11,2.98,0
2026-09-10 04:39:23,230.35,3.2,0
2026-09-10 04:40:23,227.88,2.92,0
2026-09-10 04:41:23,231.27,3.07,0
2026-09-10 04:42:23,231.1,2.98,0
2026-09-10 04:43:23,232.2,2.83,0
2026-09-10 04:44:23,229.08,3.19,0
2026-09-10 04:45:23,227.05,3.09,0
2026-09-10 04:46:23,229.47,3.13,0
2026-09-10 04:47:23,230.6,3.23,0
2026-09-10 04:48:23,228.7,2.96,0
2026-09-10 04:49:23,231.97,3.04,0
2026-09-10 04:50:23,233.92,3.11,0
2026-09-10 04:51:23,230.99,3.16,0
2026-09-10 04:52:23,229.8,3.08,0
2026-09-10 04:53:23,227.52,3.17,0
2026-09-10 04:54:23,230.43,3.04,0
2026-09-10 04:55:23,229.42,3.17,0
2026-09-10 04:56:23,230.61,2.77,0
2026-09-10 04:57:23,233.42,3.06,0
2026-09-10 04:58:23,228.24,3.29,0
2026-09-10 04:59:23,228.14,2.98,0
2026-09-10 05:00:23,231.95,2.89,0
2026-09-10 05:01:23,231.35,3.13,0
2026-09-10 05:02:23,227.56,2.78,0
2026-09-10 05:03:23,230.54,3.26,0
2026-09-10 05:04:23,227.97,3.19,0
2026-09-10 05:05:23,227.66,2.86,0
2026-09-10 05:06:23,232.62,3.09,0
2026-09-10 05:07:23,231.31,3.01,0
2026-09-10 05:08:23,233.22,3.02,0
2026-09-10 05:09:23,229.86,3.02,0
2026-09-10 05:10:23,232.65,3.0,0
2026-09-10 05:11:23,231.71,3.26,0
2026-09-10 05:12:23,231.35,2.96,0
2026-09-10 05:13:23,228.18,3.22,0
2026-09-10 05:14:23,230.49,2.89,0
2026-09-10 05:15:23,226.85,3.25,0
2026-09-10 05:16:23,233.79,2.81,0
2026-09-10 05:17:23,227.1,2.77,0
2026-09-10 05:18:23,233.62,3.0,0
2026-09-10 05:19:23,231.1,2.71,0
2026-09-10 05:20:23,227.8,3.04,0
2026-09-10 05:21:23,231.02,2.81,0
2026-09-10 05:22:23,228.69,3.01,0
2026-09-10 05:23:23,229.2,2.81,0
2026-09-10 05:24:23,231.73,3.23,0
2026-09-10 05:25:23,231.38,2.88,0
2026-09-10 05:26:23,231.69,3.01,0
2026-09-10 05:27:23,226.6,2.79,0
2026-09-10 05:28:23,232.17,2.85,0
2026-09-10 05:29:23,227.15,2.84,0
2026-09-10 05:30:23,226.72,2.86,0
2026-09-10 05:31:23,230.52,2.84,0
2026-09-10 05:32:23,228.5,2.81,0
2026-09-10 05:33:23,229.19,2.82,0
2026-09-10 05:34:23,226.24,2.97,0
2026-09-10 05:35:23,229.56,3.09,0
2026-09-10 05:36:23,228.02,2.87,0
2026-09-10 05:37:23,229.96,2.96,0
2026-09-10 05:38:23,229.52,2.87,0
2026-09-10 05:39:23,226.64,3.03,0
2026-09-10 05:40:23,230.49,2.75,0
2026-09-10 05:41:23,226.67,2.8,0
2026-09-10 05:42:23,228.15,3.18,0
2026-09-10 05:43:23,228.05,3.08,0
2026-09-10 05:44:23,230.48,3.01,0
2026-09-10 05:45:23,232.38,3.05,0
2026-09-10 05:46:23,231.85,2.72,0
2026-09-10 05:47:23,233.49,2.88,0
2026-09-10 05:48:23,227.73,3.05,0
2026-09-10 05:49:23,233.57,2.73,0
2026-09-10 05:50:23,228.11,3.21,0
2026-09-10 05:51:23,226.56,2.78,0
2026-09-10 05:52:23,229.4,3.03,0
2026-09-10 05:53:23,229.78,3.29,0
2026-09-10 05:54:23,233.34,3.19,0
2026-09-10 05:55:23,227.92,3.19,0
2026-09-10 05:56:23,227.01,2.74,0
2026-09-10 05:57:23,229.67,2.9,0
2026-09-10 05:58:23,228.7,3.02,0
2026-09-10 05:59:23,230.27,3.27,0
2026-09-10 06:00:23,233.03,3.18,0
2026-09-10 06:01:23,231.9,3.2,0
2026-09-10 06:02:23,232.37,3.05,0
2026-09-10 06:03:23,232.39,3.17,0
2026-09-10 06:04:23,229.0,2.95,0
2026-09-10 06:05:23,230.72,2.74,0
2026-09-10 06:06:23,229.51,3.15,0
2026-09-10 06:07:23,232.2,3.19,0
2026-09-10 06:08:23,226.69,2.74,0
2026-09-10 06:09:23,227.49,2.89,0
2026-09-10 06:10:23,232.18,2.99,0
2026-09-10 06:11:23,229.77,3.04,0
2026-09-10 06:12:23,230.18,3.06,0
2026-09-10 06:13:23,232.14,3.28,0
2026-09-10 06:14:23,227.37,3.18,0
2026-09-10 06:15:23,231.95,2.78,0
2026-09-10 06:16:23,229.16,2.7,0
2026-09-10 06:17:23,233.68,2.88,0
2026-09-10 06:18:23,228.19,2.84,0
2026-09-10 06:19:23,226.4,3.04,0
2026-09-10 06:20:23,230.76,2.92,0
2026-09-10 06:21:23,232.13,3.0,0
2026-09-10 06:22:23,233.89,3.03,0
2026-09-10 06:23:23,229.75,2.76,0
2026-09-10 06:24:23,230.02,2.75,0
2026-09-10 06:25:23,232.07,3.11,0
2026-09-10 06:26:23,227.19,2.71,0
2026-09-10 06:27:23,233.7,2.84,0
2026-09-10 06:28:23,226.85,2.98,0
2026-09-10 06:29:23,230.96,3.08,0
2026-09-10 06:30:23,227.28,3.25,0
2026-09-10 06:31:23,226.93,2.95,0
2026-09-10 06:32:23,232.43,2.84,0
2026-09-10 06:33:23,230.36,2.89,0
2026-09-10 06:34:23,230.06,3.04,0
2026-09-10 06:35:23,228.86,3.01,0
2026-09-10 06:36:23,233.56,3.26,0
2026-09-10 06:37:23,226.33,3.0,0
2026-09-10 06:38:23,233.51,2.96,0
2026-09-10 06:39:23,228.41,2.75,0
2026-09-10 06:40:23,226.86,3.03,0
2026-09-10 06:41:23,228.97,2.72,0
2026-09-10 06:42:23,230.8,2.72,0
2026-09-10 06:43:23,233.18,2.71,0
2026-09-10 06:44:23,228.7,3.14,0
2026-09-10 06:45:23,232.21,2.79,0
2026-09-10 06:46:23,228.22,3.17,0
2026-09-10 06:47:23,232.03,2.79,0
2026-09-10 06:48:23,233.43,3.27,0
2026-09-10 06:49:23,228.47,2.79,0
2026-09-10 06:50:23,230.1,2.97,0
2026-09-10 06:51:23,228.77,2.97,0
2026-09-10 06:52:23,229.5,3.02,0
2026-09-10 06:53:23,231.08,3.27,0
2026-09-10 06:54:23,228.58,0.42,1
2026-09-10 06:55:23,228.43,2.73,0
2026-09-10 06:56:23,227.68,3.16,0
2026-09-10 06:57:23,230.64,3.07,0
2026-09-10 06:58:23,230.34,2.94,0
2026-09-10 06:59:23,229.82,3.0,0
2026-09-10 07:00:23,228.31,3.09,0
2026-09-10 07:01:23,230.41,3.24,0
2026-09-10 07:02:23,231.79,3.02,0
2026-09-10 07:03:23,231.87,3.28,0
2026-09-10 07:04:23,233.25,3.26,0
2026-09-10 07:05:23,232.1,2.86,0
2026-09-10 07:06:23,227.27,2.99,0
2026-09-10 07:07:23,227.07,3.28,0
2026-09-10 07:08:23,229.43,2.98,0
2026-09-10 07:09:23,229.56,3.14,0
2026-09-10 07:10:23,231.75,3.0,0
2026-09-10 07:11:23,232.54,3.2,0
2026-09-10 07:12:23,227.74,2.82,0
2026-09-10 07:13:23,230.31,3.09,0
2026-09-10 07:14:23,226.99,2.71,0
2026-09-10 07:15:23,233.17,2.73,0
2026-09-10 07:16:23,226.55,3.21,0
2026-09-10 07:17:23,230.15,2.77,0
2026-09-10 07:18:23,232.13,3.11,0
2026-09-10 07:19:23,226.67,2.93,0
2026-09-10 07:20:23,227.08,3.27,0
2026-09-10 07:21:23,232.69,3.28,0
2026-09-10 07:22:23,231.33,3.07,0
2026-09-10 07:23:23,233.81,2.84,0
2026-09-10 07:24:23,227.53,3.01,0
2026-09-10 07:25:23,232.16,3.05,0
2026-09-10 07:26:23,232.94,3.06,0
2026-09-10 07:27:23,227.48,3.04,0
2026-09-10 07:28:23,228.22,2.84,0
2026-09-10 07:29:23,233.02,2.88,0
2026-09-10 07:30:23,226.89,3.09,0
2026-09-10 07:31:23,226.0,2.7,0
2026-09-10 07:32:23,230.43,2.78,0
2026-09-10 07:33:23,232.23,2.86,0
2026-09-10 07:34:23,232.98,3.27,0
2026-09-10 07:35:23,228.2,3.17,0
2026-09-10 07:36:23,233.65,3.1,0
2026-09-10 07:37:23,227.57,3.28,0
2026-09-10 07:38:23,232.86,3.18,0
2026-09-10 07:39:23,230.62,3.24,0
2026-09-10 07:40:23,227.06,2.82,0
2026-09-10 07:41:23,228.05,3.19,0
2026-09-10 07:42:23,231.88,3.15,0
2026-09-10 07:43:23,233.06,2.8,0
2026-09-10 07:44:23,229.13,2.93,0
2026-09-10 07:45:23,229.68,2.83,0
2026-09-10 07:46:23,233.68,3.05,0
2026-09-10 07:47:23,231.39,2.97,0
2026-09-10 07:48:23,231.63,2.77,0
2026-09-10 07:49:23,226.92,2.8,0
2026-09-10 07:50:23,230.26,2.99,0
2026-09-10 07:51:23,231.46,2.83,0
2026-09-10 07:52:23,231.85,2.8,0
2026-09-10 07:53:23,227.17,2.98,0
2026-09-10 07:54:23,230.32,3.01,0
2026-09-10 07:55:23,226.45,3.24,0
2026-09-10 07:56:23,232.08,2.85,0
2026-09-10 07:57:23,232.71,3.0,0
2026-09-10 07:58:23,230.29,2.87,0
2026-09-10 07:59:23,230.28,3.24,0
2026-09-10 08:00:23,229.63,3.22,0
2026-09-10 08:01:23,231.21,3.28,0
2026-09-10 08:02:23,233.52,3.14,0
2026-09-10 08:03:23,230.71,3.26,0
2026-09-10 08:04:23,231.55,2.79,0
2026-09-10 08:05:23,230.9,2.8,0
2026-09-10 08:06:23,227.12,3.01,0
2026-09-10 08:07:23,232.89,3.27,0
2026-09-10 08:08:23,233.39,2.82,0
2026-09-10 08:09:23,230.3,3.3,0
2026-09-10 08:10:23,226.18,2.75,0
2026-09-10 08:11:23,233.43,3.12,0
2026-09-10 08:12:23,227.38,3.2,0
2026-09-10 08:13:23,232.86,2.86,0
2026-09-10 08:14:23,230.92,3.2,0
2026-09-10 08:15:23,233.96,2.98,0
2026-09-10 08:16:23,228.91,2.85,0
2026-09-10 08:17:23,231.08,2.73,0
2026-09-10 08:18:23,226.92,2.82,0
2026-09-10 08:19:23,230.86,2.79,0
2026-09-10 08:20:23,226.3,3.01,0
2026-09-10 08:21:23,228.29,2.86,0
2026-09-10 08:22:23,227.72,2.78,0
2026-09-10 08:23:23,232.75,2.77,0
2026-09-10 08:24:23,226.19,3.15,0
2026-09-10 08:25:23,231.34,3.27,0
2026-09-10 08:26:23,228.81,2.84,0
2026-09-10 08:27:23,231.67,2.96,0
2026-09-10 08:28:23,230.3,3.1,0
2026-09-10 08:29:23,230.26,3.07,0
2026-09-10 08:30:23,227.19,3.24,0
2026-09-10 08:31:23,227.68,2.97,0
2026-09-10 08:32:23,228.02,2.72,0
2026-09-10 08:33:23,229.09,2.92,0
2026-09-10 08:34:23,228.54,2.79,0
2026-09-10 08:35:23,232.01,2.88,0
2026-09-10 08:36:23,232.18,3.16,0
2026-09-10 08:37:23,231.19,2.84,0
2026-09-10 08:38:23,228.49,2.93,0
2026-09-10 08:39:23,231.29,2.92,0
2026-09-10 08:40:23,227.56,2.72,0
2026-09-10 08:41:23,226.64,2.9,0
2026-09-10 08:42:23,228.34,2.98,0
2026-09-10 08:43:23,233.38,2.7,0
2026-09-10 08:44:23,229.24,2.79,0
2026-09-10 08:45:23,233.74,3.1,0
2026-09-10 08:46:23,226.22,3.09,0
2026-09-10 08:47:23,229.72,2.93,0
2026-09-10 08:48:23,226.08,2.95,0
2026-09-10 08:49:23,233.6,2.85,0
2026-09-10 08:50:23,227.15,3.08,0
2026-09-10 08:51:23,227.24,3.07,0
2026-09-10 08:52:23,227.36,2.76,0
2026-09-10 08:53:23,232.67,3.29,0
2026-09-10 08:54:23,233.08,2.79,0
2026-09-10 08:55:23,229.36,3.12,0
2026-09-10 08:56:23,233.47,3.27,0
2026-09-10 08:57:23,231.75,2.85,0
2026-09-10 08:58:23,228.43,3.02,0
2026-09-10 08:59:23,228.16,3.14,0
2026-09-10 09:00:23,233.27,3.22,0
2026-09-10 09:01:23,226.86,3.1,0
2026-09-10 09:02:23,232.38,3.0,0
2026-09-10 09:03:23,231.26,2.87,0
2026-09-10 09:04:23,229.92,2.86,0
2026-09-10 09:05:23,232.27,3.19,0
2026-09-10 09:06:23,231.94,2.84,0
2026-09-10 09:07:23,233.36,2.75,0
2026-09-10 09:08:23,226.23,3.28,0
2026-09-10 09:09:23,232.74,2.91,0
2026-09-10 09:10:23,229.05,3.11,0
2026-09-10 09:11:23,233.41,2.81,0
2026-09-10 09:12:23,230.14,3.02,0
2026-09-10 09:13:23,231.36,2.76,0
2026-09-10 09:14:23,227.55,2.76,0
2026-09-10 09:15:23,228.49,3.23,0
2026-09-10 09:16:23,226.73,2.72,0
2026-09-10 09:17:23,230.04,2.99,0
2026-09-10 09:18:23,230.12,3.15,0
2026-09-10 09:19:23,229.01,2.97,0
2026-09-10 09:20:23,228.28,3.18,0
2026-09-10 09:21:23,226.59,3.24,0
2026-09-10 09:22:23,228.18,3.24,0
2026-09-10 09:23:23,228.2,2.89,0
2026-09-10 09:24:23,228.82,3.17,0
2026-09-10 09:25:23,231.4,2.81,0
2026-09-10 09:26:23,232.96,2.8,0
2026-09-10 09:27:23,232.62,3.24,0
2026-09-10 09:28:23,229.02,2.89,0
2026-09-10 09:29:23,230.86,2.77,0
2026-09-10 09:30:23,230.24,3.1,0
2026-09-10 09:31:23,231.72,2.9,0
2026-09-10 09:32:23,231.16,2.86,0
2026-09-10 09:33:23,230.9,2.98,0
2026-09-10 09:34:23,231.68,2.85,0
2026-09-10 09:35:23,227.29,2.74,0
2026-09-10 09:36:23,229.09,3.21,0
2026-09-10 09:37:23,232.9,3.27,0
2026-09-10 09:38:23,226.22,3.1,0
2026-09-10 09:39:23,232.4,3.01,0
2026-09-10 09:40:23,233.53,2.8,0
2026-09-10 09:41:23,226.48,2.91,0
2026-09-10 09:42:23,233.39,2.92,0
2026-09-10 09:43:23,226.99,3.28,0
2026-09-10 09:44:23,233.4,3.18,0
2026-09-10 09:45:23,230.23,2.91,0
2026-09-10 09:46:23,226.6,3.01,0
2026-09-10 09:47:23,231.35,2.73,0
2026-09-10 09:48:23,232.72,3.1,0
2026-09-10 09:49:23,230.15,2.75,0
2026-09-10 09:50:23,227.62,3.24,0
2026-09-10 09:51:23,227.67,3.02,0
2026-09-10 09:52:23,228.21,2.92,0
2026-09-10 09:53:23,228.77,3.29,0
2026-09-10 09:54:23,229.41,2.72,0
2026-09-10 09:55:23,232.74,3.27,0
2026-09-10 09:56:23,231.33,3.25,0
2026-09-10 09:57:23,231.78,3.19,0
2026-09-10 09:58:23,226.05,2.86,0
2026-09-10 09:59:23,232.92,2.89,0
2026-09-10 10:00:23,230.79,3.15,0
2026-09-10 10:01:23,227.27,2.8,0
2026-09-10 10:02:23,228.37,3.07,0
2026-09-10 10:03:23,227.34,3.15,0
2026-09-10 10:04:23,226.07,2.93,0
2026-09-10 10:05:23,229.58,2.85,0
2026-09-10 10:06:23,233.77,2.71,0
2026-09-10 10:07:23,229.13,3.12,0
2026-09-10 10:08:23,227.96,3.03,0
2026-09-10 10:09:23,229.01,2.81,0
2026-09-10 10:10:23,226.29,3.03,0
2026-09-10 10:11:23,233.4,2.92,0
2026-09-10 10:12:23,229.56,2.86,0
2026-09-10 10:13:23,233.18,2.8,0
2026-09-10 10:14:23,226.51,2.93,0
2026-09-10 10:15:23,231.81,3.02,0
2026-09-10 10:16:23,229.53,3.27,0
2026-09-10 10:17:23,232.97,2.96,0
2026-09-10 10:18:23,232.08,3.26,0
2026-09-10 10:19:23,229.96,3.26,0
2026-09-10 10:20:23,231.29,3.19,0
2026-09-10 10:21:23,228.08,3.2,0
2026-09-10 10:22:23,230.3,3.05,0
2026-09-10 10:23:23,226.14,3.17,0
2026-09-10 10:24:23,233.08,2.76,0
2026-09-10 10:25:23,229.24,2.84,0
2026-09-10 10:26:23,231.99,2.99,0
2026-09-10 10:27:23,226.36,2.71,0
2026-09-10 10:28:23,226.44,0.21,1
2026-09-10 10:29:23,231.16,2.88,0
2026-09-10 10:30:23,232.06,2.83,0
2026-09-10 10:31:23,232.99,2.74,0
2026-09-10 10:32:23,228.69,3.15,0
2026-09-10 10:33:23,229.34,3.05,0
2026-09-10 10:34:23,228.73,3.27,0
2026-09-10 10:35:23,229.52,3.3,0
2026-09-10 10:36:23,230.01,3.12,0
2026-09-10 10:37:23,232.42,2.72,0
2026-09-10 10:38:23,226.36,3.04,0
2026-09-10 10:39:23,230.5,3.24,0
